1,2,3,4,5,6,7,8,9,10,11,12,13,14,15,16,17,18,19,20,21,22,23,24,25,26,27,28,29,30,31,32,33,34,35,36,37,38,39,40,41,42,43,44,45,46,47,48,49,50,51,52,53,54,55,56,57,58,59,60,61,62,63,64,65,66,67,68,69,70,71,72,73,74,75,76,77,78,79,80,81,82,83,84,85,86,87,88,89,90,91,92,93,94,95,96,97,98,99,100,101,102,103,104,105,106,107,108,109,110,111,112,113,114,115,116,117,118,119,120,121,122,123,124,125,126,127,128,129,130,131,132,133,134,135,136,137,138,139,140,141,142,143,144,145,146,147,148,149,150,151,152,153,154,155,156,157,158,159,160,161,162,163,164,165,166,167,168,169,170,171,172,173,174,175,176,177,178,179,180,181,182,183,184,185,186,187,188,189,190,191,192,193,194,195,196,197,198,199,200,201,202,203,204,205,206,207,208,209,210,211
"[1. 1. 0. 0. 0. 0. 0. 0. 0. 1. 1. 0. 1. 0. 1. 1. 0. 0. 0. 0. 1. 0. 0. 0.
 0. 0. 1. 0. 0. 0. 0.]","[1. 1. 1. 0. 1. 1. 0. 1. 0. 0. 1. 1. 1. 0. 1. 1. 0. 1. 0. 0. 0. 0. 1. 1.
 0. 0. 0. 1. 0. 0. 0.]","[1. 0. 0. 1. 0. 1. 0. 1. 0. 0. 0. 1. 1. 0. 1. 0. 0. 0. 1. 0. 0. 1. 0. 0.
 0. 1. 1. 0. 0. 0. 0.]","[1. 0. 0. 0. 0. 0. 0. 0. 0. 1. 0. 0. 1. 1. 0. 1. 0. 1. 1. 0. 1. 0. 0. 0.
 0. 0. 1. 0. 0. 0. 0.]","[1. 1. 0. 1. 1. 0. 0. 0. 0. 0. 0. 1. 1. 1. 1. 1. 0. 1. 0. 0. 1. 0. 0. 0.
 0. 1. 0. 1. 0. 0. 1.]","[1. 0. 0. 1. 0. 0. 0. 0. 1. 1. 0. 0. 1. 0. 0. 0. 0. 0. 0. 0. 0. 0. 1. 0.
 0. 0. 0. 0. 0. 0. 1.]","[1. 0. 0. 0. 1. 0. 0. 0. 0. 0. 0. 0. 1. 0. 0. 0. 1. 0. 0. 1. 1. 0. 0. 0.
 0. 0. 0. 0. 0. 0. 0.]","[1. 0. 1. 0. 0. 0. 0. 0. 0. 0. 1. 1. 1. 0. 0. 0. 0. 0. 0. 0. 0. 0. 1. 0.
 0. 0. 0. 0. 0. 1. 0.]","[1. 0. 1. 1. 1. 1. 0. 1. 1. 1. 1. 0. 1. 0. 1. 1. 1. 0. 1. 0. 0. 0. 1. 0.
 0. 0. 0. 0. 0. 0. 0.]","[1. 0. 0. 0. 0. 0. 0. 1. 0. 1. 0. 0. 1. 0. 1. 0. 0. 0. 0. 0. 0. 1. 0. 0.
 0. 0. 0. 0. 0. 1. 0.]","[1. 0. 0. 0. 0. 0. 0. 0. 0. 1. 0. 0. 1. 0. 1. 1. 0. 0. 0. 0. 0. 0. 1. 0.
 0. 0. 1. 0. 0. 0. 0.]","[1. 0. 0. 0. 0. 0. 0. 0. 0. 1. 0. 0. 1. 0. 0. 0. 1. 1. 0. 0. 1. 0. 0. 0.
 0. 0. 0. 1. 0. 0. 0.]","[1. 1. 0. 0. 1. 0. 0. 1. 0. 1. 0. 0. 1. 0. 1. 1. 0. 1. 1. 0. 1. 0. 0. 0.
 0. 1. 0. 1. 0. 0. 1.]","[1. 1. 1. 1. 1. 1. 1. 0. 1. 1. 1. 0. 1. 0. 1. 1. 0. 0. 0. 0. 1. 0. 0. 0.
 0. 0. 0. 1. 0. 0. 0.]","[1. 0. 0. 0. 1. 1. 0. 1. 1. 0. 0. 1. 1. 1. 1. 0. 0. 1. 0. 0. 0. 1. 0. 0.
 0. 0. 0. 1. 0. 0. 1.]","[1. 1. 1. 1. 0. 1. 0. 0. 0. 1. 1. 0. 1. 1. 1. 1. 0. 0. 1. 0. 0. 0. 1. 0.
 0. 0. 1. 1. 0. 0. 0.]","[1. 0. 0. 1. 0. 0. 0. 0. 1. 1. 0. 0. 1. 0. 0. 0. 0. 0. 0. 0. 0. 0. 1. 0.
 0. 0. 0. 0. 0. 0. 1.]","[1. 0. 0. 1. 0. 1. 0. 0. 1. 1. 0. 0. 1. 1. 1. 1. 0. 1. 1. 0. 1. 0. 0. 0.
 0. 1. 1. 1. 0. 0. 0.]","[1. 1. 0. 0. 0. 1. 1. 0. 1. 1. 1. 0. 1. 1. 1. 1. 0. 1. 1. 0. 0. 0. 1. 0.
 0. 1. 0. 0. 0. 0. 0.]","[1. 1. 1. 0. 0. 1. 0. 1. 1. 1. 0. 0. 1. 0. 1. 1. 0. 1. 0. 0. 1. 0. 0. 0.
 0. 0. 0. 1. 0. 0. 1.]","[1. 1. 1. 1. 1. 1. 1. 1. 1. 1. 0. 0. 1. 0. 1. 1. 0. 1. 0. 0. 0. 0. 1. 0.
 0. 0. 0. 0. 0. 0. 0.]","[1. 0. 1. 0. 0. 1. 0. 0. 0. 0. 0. 0. 1. 1. 0. 0. 0. 0. 0. 1. 0. 0. 1. 1.
 0. 0. 0. 0. 0. 0. 0.]","[1. 0. 1. 1. 1. 1. 0. 0. 1. 1. 0. 0. 1. 1. 0. 0. 1. 1. 0. 0. 0. 0. 1. 0.
 0. 1. 0. 1. 0. 0. 0.]","[1. 1. 1. 1. 1. 1. 0. 1. 1. 1. 1. 0. 1. 0. 0. 1. 1. 1. 0. 0. 0. 0. 1. 0.
 0. 0. 0. 0. 0. 0. 0.]","[1. 1. 0. 0. 0. 1. 0. 1. 0. 0. 0. 1. 1. 1. 1. 1. 0. 1. 0. 0. 0. 1. 0. 0.
 1. 0. 0. 1. 0. 0. 0.]","[1. 1. 1. 0. 0. 0. 0. 1. 1. 1. 0. 0. 1. 0. 1. 0. 0. 0. 0. 0. 0. 0. 1. 1.
 0. 1. 0. 0. 0. 0. 0.]","[1. 1. 0. 1. 0. 1. 0. 0. 1. 0. 1. 0. 1. 1. 1. 1. 1. 0. 0. 1. 1. 0. 0. 0.
 0. 1. 0. 1. 0. 0. 0.]","[1. 1. 0. 1. 0. 1. 0. 0. 1. 0. 1. 0. 1. 1. 1. 1. 1. 0. 0. 1. 1. 0. 0. 0.
 0. 1. 0. 1. 0. 0. 0.]","[1. 1. 0. 0. 0. 1. 1. 1. 1. 0. 1. 1. 1. 1. 1. 1. 0. 1. 0. 0. 1. 0. 0. 0.
 0. 1. 0. 0. 0. 0. 0.]","[1. 1. 0. 0. 1. 0. 0. 1. 1. 1. 1. 0. 1. 0. 0. 0. 0. 0. 0. 0. 1. 0. 0. 1.
 0. 0. 0. 1. 0. 0. 0.]","[1. 0. 0. 0. 0. 0. 1. 0. 0. 0. 0. 0. 1. 0. 0. 1. 0. 1. 0. 1. 0. 1. 0. 0.
 0. 0. 0. 0. 0. 0. 0.]","[1. 0. 1. 1. 1. 1. 0. 0. 0. 1. 0. 0. 1. 0. 0. 0. 0. 1. 1. 0. 1. 0. 0. 0.
 1. 1. 0. 0. 0. 0. 0.]","[1. 0. 1. 0. 1. 0. 0. 1. 1. 1. 1. 0. 1. 1. 1. 1. 0. 1. 0. 0. 1. 0. 0. 0.
 0. 0. 0. 0. 0. 0. 1.]","[1. 0. 1. 1. 0. 1. 0. 0. 1. 0. 1. 0. 1. 1. 0. 0. 1. 1. 0. 1. 1. 0. 0. 0.
 0. 1. 0. 1. 0. 0. 0.]","[1. 0. 1. 1. 1. 1. 0. 0. 0. 0. 1. 0. 1. 0. 1. 1. 0. 1. 0. 1. 0. 0. 1. 0.
 0. 1. 0. 1. 0. 0. 1.]","[1. 0. 0. 0. 1. 1. 0. 0. 1. 0. 1. 1. 1. 1. 1. 1. 0. 1. 1. 0. 1. 0. 0. 0.
 0. 1. 0. 0. 1. 0. 0.]","[1. 0. 1. 0. 1. 1. 0. 1. 1. 0. 1. 1. 1. 1. 0. 0. 0. 1. 1. 0. 0. 0. 1. 0.
 1. 0. 0. 0. 0. 0. 0.]","[1. 1. 1. 0. 1. 0. 0. 1. 0. 1. 1. 0. 1. 0. 1. 1. 0. 1. 0. 0. 1. 0. 0. 0.
 0. 1. 0. 0. 0. 0. 1.]","[1. 1. 1. 1. 1. 1. 1. 1. 1. 1. 0. 0. 1. 1. 1. 1. 0. 0. 0. 0. 0. 1. 0. 0.
 0. 0. 0. 0. 0. 0. 0.]","[1. 1. 1. 1. 1. 1. 1. 0. 0. 1. 0. 0. 1. 1. 1. 1. 0. 1. 1. 0. 0. 0. 1. 0.
 0. 0. 0. 0. 0. 0. 0.]","[1. 1. 0. 0. 0. 1. 0. 0. 1. 1. 1. 0. 1. 0. 1. 0. 0. 1. 1. 0. 0. 0. 1. 0.
 0. 1. 0. 1. 1. 0. 0.]","[1. 1. 0. 1. 1. 1. 0. 0. 0. 1. 1. 0. 1. 1. 1. 1. 0. 0. 1. 0. 0. 0. 1. 0.
 0. 1. 0. 0. 0. 1. 0.]","[1. 1. 0. 0. 0. 0. 0. 0. 0. 0. 0. 1. 1. 1. 1. 0. 0. 1. 1. 0. 0. 0. 1. 0.
 0. 0. 0. 0. 1. 0. 0.]","[1. 1. 1. 0. 1. 1. 1. 0. 0. 1. 1. 0. 1. 1. 1. 1. 0. 0. 0. 0. 1. 0. 0. 0.
 0. 1. 0. 1. 0. 0. 0.]","[1. 0. 0. 0. 1. 1. 0. 0. 0. 1. 1. 0. 1. 1. 1. 0. 0. 1. 1. 0. 0. 0. 1. 1.
 0. 0. 0. 1. 0. 0. 0.]","[1. 1. 0. 1. 0. 1. 0. 0. 0. 0. 1. 1. 1. 0. 0. 0. 0. 0. 0. 0. 1. 0. 0. 0.
 0. 0. 1. 0. 0. 0. 0.]","[1. 1. 1. 0. 1. 1. 0. 0. 0. 1. 1. 0. 1. 1. 1. 1. 0. 1. 1. 0. 0. 0. 1. 1.
 0. 0. 0. 0. 0. 0. 0.]","[1. 1. 0. 0. 0. 1. 1. 0. 1. 1. 1. 0. 1. 1. 1. 1. 0. 1. 1. 0. 0. 0. 1. 0.
 0. 1. 0. 0. 0. 0. 0.]","[1. 1. 1. 0. 1. 1. 0. 1. 0. 1. 1. 0. 1. 0. 1. 1. 0. 1. 0. 0. 1. 0. 0. 0.
 0. 0. 0. 0. 0. 0. 1.]","[1. 1. 1. 1. 1. 1. 1. 0. 1. 1. 1. 0. 1. 0. 1. 1. 0. 0. 0. 0. 0. 0. 1. 0.
 0. 0. 0. 1. 0. 0. 0.]","[1. 0. 1. 0. 1. 1. 1. 1. 0. 1. 1. 0. 1. 0. 1. 1. 0. 0. 1. 0. 1. 0. 0. 0.
 0. 1. 0. 1. 0. 0. 0.]","[1. 1. 1. 0. 1. 1. 1. 1. 0. 1. 1. 0. 1. 0. 1. 1. 0. 1. 0. 0. 0. 1. 0. 0.
 0. 0. 0. 1. 0. 0. 0.]","[1. 1. 0. 0. 0. 0. 0. 1. 0. 1. 1. 0. 1. 1. 1. 0. 0. 0. 0. 0. 0. 0. 1. 1.
 0. 0. 0. 1. 0. 0. 0.]","[1. 1. 1. 0. 1. 1. 1. 1. 0. 1. 1. 0. 1. 0. 1. 1. 0. 1. 0. 0. 0. 0. 1. 0.
 0. 0. 0. 1. 0. 0. 0.]","[1. 0. 1. 1. 1. 1. 0. 0. 0. 0. 1. 0. 1. 1. 1. 1. 0. 1. 0. 1. 0. 0. 1. 0.
 0. 0. 0. 1. 0. 0. 1.]","[1. 1. 1. 0. 1. 1. 0. 1. 0. 0. 1. 1. 1. 0. 1. 1. 0. 1. 0. 0. 0. 0. 1. 0.
 0. 0. 0. 1. 0. 0. 1.]","[1. 0. 0. 1. 0. 1. 0. 0. 1. 0. 1. 1. 1. 1. 0. 0. 0. 1. 1. 0. 0. 1. 0. 0.
 1. 0. 0. 0. 0. 0. 0.]","[1. 0. 0. 0. 0. 1. 0. 0. 0. 0. 1. 0. 1. 0. 0. 0. 0. 0. 0. 1. 1. 0. 0. 0.
 0. 0. 0. 0. 1. 0. 0.]","[1. 0. 1. 1. 0. 1. 0. 0. 0. 0. 1. 1. 1. 0. 1. 0. 0. 1. 1. 0. 0. 1. 0. 0.
 1. 0. 0. 0. 0. 0. 0.]","[1. 1. 1. 0. 1. 1. 1. 1. 0. 1. 1. 0. 1. 0. 1. 1. 0. 1. 0. 0. 0. 0. 1. 0.
 0. 0. 0. 1. 0. 0. 0.]","[1. 1. 0. 0. 0. 0. 0. 1. 0. 0. 1. 1. 1. 0. 1. 0. 0. 0. 0. 0. 0. 0. 1. 1.
 0. 1. 0. 1. 0. 0. 0.]","[1. 1. 1. 1. 1. 1. 1. 0. 0. 1. 0. 0. 1. 1. 1. 1. 0. 1. 1. 0. 0. 0. 1. 0.
 0. 0. 0. 0. 0. 0. 0.]","[1. 0. 1. 0. 1. 0. 0. 0. 0. 0. 1. 0. 1. 1. 1. 0. 0. 0. 0. 1. 0. 0. 1. 0.
 0. 0. 0. 0. 1. 0. 0.]","[1. 0. 1. 0. 1. 1. 0. 0. 1. 1. 1. 0. 1. 1. 1. 0. 0. 1. 1. 0. 0. 0. 1. 0.
 1. 0. 0. 0. 0. 0. 0.]","[1. 0. 1. 0. 1. 1. 0. 0. 0. 0. 0. 0. 1. 0. 0. 0. 0. 0. 0. 1. 0. 0. 1. 1.
 0. 0. 0. 0. 0. 0. 0.]","[1. 1. 1. 1. 1. 1. 1. 0. 1. 1. 1. 0. 1. 0. 1. 1. 0. 0. 0. 0. 0. 0. 1. 0.
 0. 0. 0. 1. 0. 0. 0.]","[1. 1. 1. 0. 1. 1. 0. 0. 1. 1. 1. 0. 1. 0. 1. 1. 0. 0. 0. 0. 0. 0. 1. 0.
 1. 1. 0. 1. 0. 0. 0.]","[1. 0. 1. 0. 0. 1. 0. 1. 1. 1. 1. 0. 1. 1. 1. 0. 0. 1. 1. 0. 0. 0. 1. 0.
 1. 0. 0. 0. 0. 0. 0.]","[1. 1. 1. 0. 1. 1. 1. 0. 1. 0. 1. 1. 1. 0. 1. 1. 0. 1. 1. 0. 0. 0. 1. 0.
 0. 0. 0. 0. 0. 0. 0.]","[1. 1. 1. 1. 0. 1. 0. 0. 0. 1. 1. 0. 1. 0. 0. 0. 1. 1. 1. 0. 0. 0. 1. 0.
 0. 1. 0. 1. 0. 0. 0.]","[1. 0. 0. 0. 1. 1. 0. 0. 0. 0. 0. 1. 1. 0. 1. 0. 0. 0. 1. 0. 1. 0. 0. 0.
 0. 0. 1. 0. 0. 0. 0.]","[1. 0. 0. 1. 0. 1. 0. 1. 1. 0. 0. 1. 1. 0. 1. 0. 0. 0. 1. 0. 0. 1. 0. 0.
 0. 0. 1. 0. 0. 0. 0.]","[1. 1. 1. 0. 1. 1. 0. 1. 0. 1. 1. 0. 1. 1. 1. 0. 1. 0. 0. 0. 0. 0. 1. 0.
 0. 1. 0. 0. 0. 0. 0.]","[1. 0. 0. 0. 1. 0. 0. 1. 1. 0. 1. 1. 1. 0. 1. 1. 0. 1. 1. 0. 0. 0. 1. 1.
 0. 0. 0. 0. 0. 0. 0.]","[1. 1. 0. 0. 1. 1. 0. 1. 1. 1. 1. 0. 1. 0. 1. 1. 0. 1. 1. 0. 0. 0. 1. 0.
 0. 0. 0. 0. 1. 0. 0.]","[1. 0. 1. 0. 1. 1. 0. 1. 1. 1. 1. 0. 1. 0. 1. 0. 1. 0. 0. 0. 0. 0. 1. 0.
 0. 1. 0. 1. 0. 0. 0.]","[1. 0. 1. 0. 1. 0. 0. 1. 0. 1. 0. 0. 1. 1. 0. 0. 0. 0. 0. 0. 0. 0. 1. 1.
 0. 1. 0. 1. 0. 0. 0.]","[1. 1. 1. 0. 0. 0. 0. 1. 0. 1. 1. 0. 1. 1. 0. 0. 0. 0. 0. 0. 0. 0. 1. 1.
 0. 0. 0. 1. 0. 0. 0.]","[1. 0. 0. 0. 1. 1. 0. 1. 0. 1. 1. 0. 1. 0. 1. 0. 0. 1. 1. 0. 0. 0. 1. 1.
 0. 0. 0. 1. 0. 0. 0.]","[1. 1. 1. 1. 0. 1. 0. 1. 0. 1. 1. 0. 1. 1. 1. 1. 0. 1. 0. 0. 1. 0. 0. 0.
 0. 0. 0. 0. 0. 1. 0.]","[1. 1. 1. 0. 1. 0. 0. 1. 0. 1. 0. 0. 1. 0. 1. 0. 0. 0. 0. 0. 0. 0. 1. 1.
 0. 0. 0. 1. 0. 0. 0.]","[1. 1. 1. 0. 1. 1. 0. 1. 0. 1. 0. 0. 1. 0. 1. 1. 0. 1. 0. 0. 1. 0. 0. 0.
 0. 0. 0. 1. 0. 0. 1.]","[1. 1. 1. 0. 0. 0. 0. 1. 0. 1. 1. 0. 1. 0. 1. 1. 0. 1. 1. 0. 1. 0. 0. 0.
 0. 0. 0. 1. 0. 0. 1.]","[1. 0. 1. 1. 1. 1. 0. 1. 1. 1. 1. 0. 1. 0. 1. 1. 1. 0. 1. 0. 0. 0. 1. 0.
 0. 0. 0. 0. 0. 0. 0.]","[1. 0. 0. 1. 1. 1. 0. 0. 1. 0. 1. 1. 1. 1. 1. 1. 0. 0. 0. 0. 0. 0. 1. 0.
 0. 1. 0. 1. 0. 1. 0.]","[1. 0. 0. 0. 0. 1. 0. 1. 1. 1. 1. 0. 1. 0. 1. 0. 0. 1. 1. 0. 0. 0. 1. 1.
 0. 0. 0. 1. 0. 0. 0.]","[1. 0. 0. 0. 1. 1. 0. 1. 0. 1. 1. 0. 1. 0. 1. 0. 0. 1. 1. 0. 0. 0. 1. 1.
 0. 0. 0. 1. 0. 0. 0.]","[1. 0. 1. 1. 0. 1. 0. 0. 1. 1. 1. 0. 1. 1. 1. 1. 0. 0. 1. 0. 1. 0. 0. 1.
 0. 0. 0. 1. 0. 0. 0.]","[1. 1. 1. 1. 0. 1. 0. 0. 0. 0. 0. 1. 1. 1. 1. 1. 1. 1. 1. 0. 0. 0. 1. 0.
 0. 0. 0. 1. 0. 0. 0.]","[1. 1. 1. 0. 1. 0. 0. 1. 0. 1. 1. 0. 1. 0. 1. 0. 0. 0. 0. 0. 1. 0. 0. 1.
 0. 0. 0. 0. 0. 0. 0.]","[1. 1. 0. 0. 1. 0. 0. 1. 0. 1. 1. 0. 1. 0. 1. 1. 0. 1. 0. 0. 1. 0. 0. 0.
 0. 1. 0. 1. 0. 0. 1.]","[1. 0. 0. 0. 1. 0. 0. 0. 0. 0. 1. 1. 1. 0. 1. 0. 0. 1. 1. 0. 0. 0. 1. 0.
 0. 0. 0. 0. 1. 0. 0.]","[1. 1. 0. 0. 1. 1. 0. 1. 0. 0. 0. 1. 1. 1. 1. 1. 0. 1. 0. 0. 0. 0. 1. 0.
 0. 0. 0. 0. 1. 0. 0.]","[1. 0. 1. 0. 1. 1. 0. 1. 1. 1. 1. 0. 1. 0. 1. 0. 0. 1. 1. 0. 0. 0. 1. 0.
 1. 0. 0. 0. 0. 0. 0.]","[1. 0. 0. 1. 0. 1. 0. 0. 0. 0. 1. 1. 1. 0. 1. 0. 0. 1. 1. 0. 1. 0. 0. 0.
 1. 1. 0. 0. 0. 0. 0.]","[1. 1. 1. 0. 1. 1. 0. 1. 0. 1. 1. 0. 1. 0. 1. 1. 0. 1. 0. 0. 0. 0. 1. 0.
 0. 0. 0. 1. 0. 0. 1.]","[1. 1. 1. 0. 1. 1. 0. 0. 0. 1. 1. 0. 1. 1. 1. 1. 0. 1. 1. 0. 0. 0. 1. 1.
 0. 0. 0. 0. 0. 0. 0.]","[1. 0. 1. 1. 1. 1. 0. 0. 1. 0. 1. 1. 1. 0. 1. 1. 0. 1. 0. 0. 0. 0. 1. 0.
 0. 1. 1. 0. 0. 0. 0.]","[1. 0. 0. 1. 0. 1. 0. 1. 1. 0. 0. 1. 1. 0. 1. 0. 0. 1. 1. 0. 0. 1. 0. 0.
 1. 0. 0. 0. 0. 0. 0.]","[1. 1. 0. 0. 1. 0. 0. 1. 0. 0. 0. 1. 1. 1. 1. 1. 0. 0. 0. 0. 0. 1. 0. 1.
 0. 0. 0. 0. 0. 0. 0.]","[1. 0. 1. 1. 1. 1. 0. 0. 0. 0. 1. 0. 1. 1. 1. 1. 0. 1. 0. 1. 0. 0. 1. 0.
 0. 0. 0. 1. 0. 0. 1.]","[1. 1. 0. 0. 1. 0. 0. 1. 0. 1. 1. 0. 1. 1. 1. 1. 0. 1. 0. 0. 1. 0. 0. 0.
 0. 0. 0. 1. 0. 0. 1.]","[1. 0. 1. 0. 1. 0. 0. 0. 0. 0. 0. 0. 1. 0. 0. 1. 0. 0. 0. 1. 0. 0. 1. 1.
 0. 0. 0. 0. 0. 0. 0.]","[1. 0. 0. 0. 1. 1. 0. 1. 1. 0. 1. 1. 1. 0. 1. 0. 0. 1. 1. 0. 0. 0. 1. 1.
 0. 0. 0. 0. 0. 0. 0.]","[1. 0. 0. 0. 1. 1. 1. 1. 0. 0. 1. 1. 1. 1. 1. 0. 0. 1. 0. 0. 0. 1. 0. 0.
 0. 1. 0. 1. 0. 0. 0.]","[1. 1. 1. 0. 1. 1. 0. 0. 0. 1. 1. 0. 1. 1. 1. 1. 0. 1. 1. 0. 0. 0. 1. 1.
 0. 0. 0. 0. 0. 0. 0.]","[1. 1. 1. 0. 1. 1. 1. 1. 0. 0. 1. 1. 1. 0. 1. 1. 0. 1. 0. 0. 0. 0. 1. 0.
 0. 0. 0. 1. 0. 0. 0.]","[1. 1. 1. 1. 1. 1. 0. 1. 1. 0. 0. 1. 1. 1. 1. 1. 0. 0. 0. 0. 0. 0. 1. 0.
 0. 0. 1. 0. 0. 0. 0.]","[1. 1. 1. 0. 1. 0. 0. 1. 0. 1. 0. 0. 1. 0. 1. 0. 0. 0. 0. 0. 0. 0. 1. 1.
 0. 0. 0. 1. 0. 0. 0.]","[1. 1. 1. 0. 0. 0. 0. 1. 0. 1. 1. 0. 1. 1. 1. 0. 0. 0. 0. 0. 1. 0. 0. 1.
 0. 0. 0. 0. 0. 0. 0.]","[1. 1. 1. 0. 0. 0. 0. 1. 0. 1. 1. 0. 1. 1. 0. 1. 0. 1. 0. 0. 1. 0. 0. 0.
 0. 1. 0. 1. 0. 0. 1.]","[1. 1. 1. 1. 1. 1. 0. 1. 1. 1. 0. 0. 1. 0. 0. 1. 0. 1. 0. 0. 0. 0. 1. 0.
 1. 1. 0. 0. 0. 0. 0.]","[1. 1. 0. 1. 1. 1. 0. 1. 0. 1. 1. 0. 1. 1. 0. 0. 0. 1. 0. 0. 0. 1. 0. 0.
 0. 0. 0. 1. 1. 0. 0.]","[1. 1. 1. 0. 1. 1. 1. 1. 1. 1. 0. 0. 1. 0. 1. 1. 0. 1. 0. 0. 1. 0. 0. 0.
 0. 0. 0. 1. 0. 0. 0.]","[1. 0. 0. 0. 1. 0. 0. 0. 0. 0. 0. 0. 1. 0. 0. 0. 1. 0. 0. 1. 1. 0. 0. 0.
 0. 0. 0. 0. 0. 0. 0.]","[1. 1. 0. 0. 0. 0. 0. 0. 1. 0. 1. 0. 1. 0. 0. 0. 0. 0. 0. 1. 1. 0. 0. 0.
 0. 0. 1. 0. 0. 0. 0.]","[1. 0. 0. 0. 1. 1. 0. 1. 0. 1. 0. 0. 1. 0. 0. 0. 0. 0. 1. 0. 1. 0. 0. 0.
 0. 0. 1. 0. 0. 0. 0.]","[1. 0. 0. 0. 0. 0. 0. 1. 0. 1. 0. 0. 1. 0. 0. 1. 0. 0. 0. 0. 0. 1. 0. 0.
 0. 0. 0. 0. 0. 1. 0.]","[1. 1. 1. 0. 0. 1. 0. 1. 0. 1. 1. 0. 1. 0. 0. 1. 0. 1. 0. 0. 1. 0. 0. 0.
 0. 1. 0. 1. 0. 0. 1.]","[1. 1. 1. 0. 0. 1. 0. 1. 1. 1. 0. 0. 1. 0. 1. 1. 0. 1. 1. 0. 1. 0. 0. 0.
 0. 0. 0. 0. 0. 0. 1.]","[1. 0. 0. 0. 1. 0. 0. 0. 0. 0. 0. 0. 1. 0. 1. 0. 0. 0. 0. 1. 1. 0. 0. 0.
 0. 1. 1. 0. 0. 0. 0.]","[1. 0. 0. 0. 1. 0. 0. 0. 0. 1. 0. 0. 1. 1. 0. 1. 0. 0. 1. 0. 1. 0. 0. 0.
 0. 0. 1. 0. 0. 0. 0.]","[1. 1. 1. 0. 1. 1. 0. 1. 1. 1. 1. 0. 1. 0. 1. 0. 1. 0. 0. 0. 1. 0. 0. 0.
 0. 1. 0. 0. 0. 0. 0.]","[1. 1. 0. 0. 0. 0. 0. 1. 1. 1. 0. 0. 1. 1. 1. 1. 0. 1. 1. 0. 1. 0. 0. 0.
 0. 1. 0. 0. 0. 0. 1.]","[1. 0. 0. 0. 1. 0. 0. 0. 0. 1. 0. 0. 1. 0. 1. 0. 0. 0. 0. 0. 0. 1. 0. 0.
 1. 0. 0. 0. 0. 0. 0.]","[1. 0. 1. 0. 0. 0. 0. 0. 0. 0. 0. 0. 1. 0. 1. 1. 0. 0. 0. 1. 0. 1. 0. 0.
 0. 1. 0. 0. 0. 0. 1.]","[1. 1. 0. 1. 1. 1. 0. 1. 1. 1. 1. 0. 1. 1. 1. 1. 1. 0. 0. 0. 1. 0. 0. 0.
 0. 0. 0. 0. 0. 0. 0.]","[1. 0. 0. 0. 1. 0. 0. 1. 0. 1. 1. 0. 1. 0. 0. 0. 1. 0. 1. 0. 0. 1. 0. 0.
 0. 0. 0. 1. 0. 0. 0.]","[1. 1. 1. 0. 1. 0. 0. 1. 1. 1. 1. 0. 1. 0. 1. 1. 0. 0. 0. 0. 1. 0. 0. 0.
 0. 1. 0. 0. 0. 0. 1.]","[1. 0. 0. 0. 1. 0. 0. 0. 0. 0. 0. 1. 1. 0. 0. 1. 0. 0. 0. 0. 1. 0. 0. 0.
 0. 0. 0. 0. 0. 0. 1.]","[1. 0. 0. 0. 0. 0. 1. 0. 0. 1. 0. 0. 1. 0. 1. 1. 0. 0. 0. 0. 0. 0. 1. 0.
 0. 0. 0. 0. 0. 0. 0.]","[1. 1. 1. 1. 1. 0. 0. 0. 0. 0. 1. 0. 1. 0. 1. 1. 0. 0. 0. 1. 0. 0. 1. 0.
 1. 1. 0. 1. 0. 0. 0.]","[1. 1. 0. 0. 1. 1. 0. 1. 0. 0. 0. 1. 1. 1. 1. 1. 0. 1. 0. 0. 1. 0. 0. 0.
 0. 0. 0. 0. 0. 0. 1.]","[1. 0. 0. 1. 1. 0. 1. 0. 1. 1. 0. 0. 1. 0. 0. 1. 0. 1. 1. 0. 0. 1. 0. 0.
 0. 0. 0. 1. 0. 0. 0.]","[1. 1. 0. 0. 0. 0. 0. 0. 0. 0. 0. 0. 1. 0. 0. 0. 0. 0. 0. 1. 0. 1. 0. 1.
 0. 0. 0. 0. 0. 0. 0.]","[1. 0. 0. 0. 1. 0. 0. 0. 0. 0. 0. 0. 1. 0. 1. 0. 0. 0. 0. 1. 1. 0. 0. 0.
 0. 1. 1. 0. 0. 0. 0.]","[1. 0. 0. 1. 0. 0. 1. 0. 0. 0. 0. 1. 1. 0. 0. 0. 0. 0. 0. 0. 0. 0. 1. 0.
 0. 0. 0. 0. 0. 0. 0.]","[1. 1. 0. 0. 1. 0. 0. 1. 0. 0. 0. 1. 1. 1. 1. 0. 0. 1. 0. 0. 0. 1. 0. 1.
 0. 0. 0. 0. 0. 0. 0.]","[1. 0. 0. 1. 1. 0. 0. 0. 0. 1. 1. 0. 1. 0. 0. 1. 0. 1. 1. 0. 0. 1. 0. 0.
 0. 0. 0. 1. 0. 1. 0.]","[1. 1. 0. 0. 1. 0. 0. 1. 1. 1. 0. 0. 1. 0. 1. 1. 0. 1. 1. 0. 1. 0. 0. 0.
 0. 1. 0. 0. 0. 0. 1.]","[1. 1. 1. 0. 1. 1. 0. 0. 1. 1. 1. 0. 1. 0. 1. 1. 0. 0. 0. 0. 0. 0. 1. 0.
 1. 1. 0. 1. 0. 0. 0.]","[1. 1. 0. 0. 1. 0. 0. 1. 1. 1. 0. 0. 1. 1. 1. 1. 0. 1. 0. 0. 1. 0. 0. 0.
 0. 1. 0. 0. 0. 0. 1.]","[1. 0. 0. 1. 1. 1. 0. 1. 0. 0. 1. 1. 1. 0. 0. 0. 0. 1. 1. 0. 0. 1. 0. 0.
 1. 0. 0. 0. 0. 0. 0.]","[1. 1. 1. 0. 0. 0. 0. 1. 1. 1. 1. 0. 1. 0. 0. 0. 0. 0. 0. 0. 0. 0. 1. 1.
 0. 1. 0. 0. 0. 0. 0.]","[1. 0. 1. 1. 0. 1. 0. 0. 0. 1. 0. 0. 1. 1. 0. 0. 0. 1. 1. 0. 1. 0. 0. 0.
 1. 1. 0. 0. 0. 0. 0.]","[1. 1. 1. 0. 1. 1. 0. 0. 1. 0. 1. 0. 1. 1. 1. 0. 1. 0. 0. 1. 0. 0. 1. 0.
 0. 1. 0. 0. 0. 0. 0.]","[1. 0. 0. 0. 0. 0. 0. 0. 0. 0. 1. 0. 1. 1. 1. 0. 0. 0. 0. 1. 1. 0. 0. 0.
 0. 0. 1. 0. 0. 0. 0.]","[1. 0. 0. 0. 1. 0. 0. 0. 1. 1. 0. 0. 1. 0. 1. 0. 0. 0. 1. 0. 1. 0. 0. 0.
 0. 0. 1. 0. 0. 0. 0.]","[1. 1. 1. 0. 0. 0. 0. 0. 0. 0. 1. 0. 1. 0. 1. 0. 0. 0. 0. 1. 0. 0. 1. 0.
 0. 1. 0. 0. 1. 0. 0.]","[1. 1. 0. 0. 1. 1. 0. 0. 1. 1. 0. 0. 1. 1. 1. 0. 0. 1. 0. 0. 0. 1. 0. 0.
 0. 0. 0. 1. 0. 1. 0.]","[1. 0. 1. 0. 0. 0. 0. 1. 1. 1. 0. 0. 1. 0. 0. 0. 0. 0. 1. 0. 0. 1. 0. 0.
 0. 0. 1. 1. 0. 0. 0.]","[1. 1. 0. 1. 0. 1. 0. 1. 1. 0. 1. 1. 1. 1. 0. 0. 0. 1. 0. 0. 1. 0. 0. 0.
 0. 1. 1. 0. 0. 0. 0.]","[1. 1. 1. 1. 1. 1. 0. 1. 0. 0. 0. 1. 1. 1. 0. 1. 1. 1. 0. 0. 1. 0. 0. 0.
 0. 1. 0. 0. 0. 0. 0.]","[1. 1. 0. 0. 1. 0. 0. 1. 0. 1. 0. 0. 1. 0. 1. 0. 0. 0. 0. 0. 1. 0. 0. 1.
 0. 1. 0. 1. 0. 0. 0.]","[1. 1. 0. 0. 1. 1. 0. 1. 1. 1. 0. 0. 1. 0. 1. 1. 0. 1. 0. 0. 0. 1. 0. 0.
 0. 0. 0. 0. 0. 1. 0.]","[1. 1. 1. 0. 0. 0. 0. 1. 0. 1. 1. 0. 1. 1. 1. 1. 0. 1. 0. 0. 1. 0. 0. 0.
 0. 1. 0. 0. 0. 0. 1.]","[1. 0. 0. 0. 1. 0. 0. 0. 0. 0. 0. 0. 1. 0. 1. 0. 0. 0. 0. 1. 1. 0. 0. 0.
 0. 1. 1. 0. 0. 0. 0.]","[1. 1. 0. 1. 1. 1. 0. 1. 0. 1. 0. 0. 1. 1. 1. 1. 0. 1. 0. 0. 0. 0. 1. 1.
 0. 0. 0. 1. 0. 0. 0.]","[1. 1. 0. 1. 1. 0. 0. 0. 0. 0. 0. 1. 1. 1. 1. 1. 0. 1. 0. 0. 1. 0. 0. 0.
 0. 1. 0. 1. 0. 0. 1.]","[1. 1. 1. 0. 1. 1. 0. 1. 0. 0. 1. 1. 1. 0. 1. 1. 0. 1. 0. 0. 0. 0. 1. 0.
 0. 0. 0. 1. 0. 0. 1.]","[1. 1. 1. 1. 1. 1. 0. 0. 1. 0. 0. 1. 1. 0. 1. 1. 1. 1. 1. 0. 0. 0. 1. 0.
 0. 0. 0. 0. 0. 0. 0.]","[1. 1. 0. 0. 1. 0. 0. 1. 1. 0. 0. 1. 1. 1. 1. 1. 0. 1. 0. 0. 1. 0. 0. 0.
 0. 0. 0. 0. 0. 1. 0.]","[1. 0. 1. 0. 1. 0. 0. 0. 0. 0. 0. 0. 1. 0. 1. 0. 0. 0. 0. 1. 0. 0. 1. 0.
 1. 0. 0. 0. 0. 0. 0.]","[1. 1. 0. 0. 0. 0. 1. 0. 0. 1. 0. 0. 1. 0. 0. 0. 0. 0. 0. 0. 0. 0. 1. 0.
 0. 1. 0. 0. 0. 0. 0.]","[1. 0. 1. 0. 1. 1. 0. 1. 1. 1. 1. 0. 1. 0. 1. 0. 0. 1. 1. 0. 0. 0. 1. 0.
 1. 0. 0. 0. 0. 0. 0.]","[1. 1. 0. 1. 1. 1. 0. 0. 1. 0. 1. 0. 1. 0. 1. 1. 0. 0. 0. 1. 0. 0. 1. 0.
 0. 1. 0. 1. 0. 1. 0.]","[1. 1. 1. 0. 1. 1. 0. 1. 0. 0. 1. 1. 1. 0. 1. 1. 0. 1. 0. 0. 0. 0. 1. 0.
 1. 0. 0. 1. 0. 0. 0.]","[1. 0. 0. 0. 0. 0. 0. 0. 1. 0. 1. 0. 1. 0. 1. 0. 0. 0. 0. 1. 1. 0. 0. 0.
 1. 0. 0. 0. 0. 0. 0.]","[1. 0. 0. 0. 1. 0. 0. 0. 1. 0. 0. 0. 1. 0. 1. 0. 0. 0. 0. 1. 1. 0. 0. 0.
 1. 0. 0. 0. 0. 0. 0.]","[1. 0. 0. 0. 1. 0. 0. 1. 1. 1. 0. 0. 1. 0. 1. 0. 0. 0. 0. 0. 1. 0. 0. 0.
 1. 0. 0. 0. 0. 0. 0.]","[1. 1. 1. 0. 1. 1. 0. 1. 1. 1. 1. 0. 1. 1. 0. 1. 0. 0. 1. 0. 0. 0. 1. 0.
 0. 0. 0. 0. 1. 0. 0.]","[1. 1. 0. 0. 1. 0. 0. 1. 0. 1. 0. 0. 1. 0. 1. 1. 0. 1. 1. 0. 1. 0. 0. 0.
 0. 1. 0. 1. 0. 0. 1.]","[1. 0. 1. 0. 1. 0. 0. 0. 0. 0. 0. 0. 1. 0. 1. 0. 0. 0. 0. 1. 0. 0. 1. 1.
 0. 0. 0. 0. 0. 0. 0.]","[1. 0. 0. 0. 0. 0. 0. 0. 1. 0. 1. 0. 1. 1. 0. 0. 0. 0. 0. 1. 1. 0. 0. 0.
 1. 0. 0. 0. 0. 0. 0.]","[1. 1. 0. 0. 1. 0. 0. 1. 1. 0. 0. 1. 1. 0. 1. 0. 0. 0. 0. 0. 1. 0. 0. 1.
 0. 1. 0. 0. 0. 0. 0.]","[1. 0. 0. 0. 1. 0. 0. 1. 1. 0. 0. 1. 1. 0. 1. 0. 0. 0. 0. 0. 1. 0. 0. 0.
 1. 0. 0. 0. 0. 0. 0.]","[1. 1. 1. 0. 1. 0. 0. 1. 1. 1. 0. 0. 1. 0. 0. 0. 0. 0. 0. 0. 1. 0. 0. 1.
 0. 0. 0. 1. 0. 0. 0.]","[1. 1. 1. 0. 1. 1. 0. 1. 0. 1. 0. 0. 1. 0. 1. 1. 0. 1. 0. 0. 1. 0. 0. 0.
 0. 0. 0. 1. 0. 0. 1.]","[1. 1. 1. 0. 1. 0. 0. 1. 0. 1. 1. 0. 1. 1. 0. 1. 0. 1. 0. 0. 1. 0. 0. 0.
 0. 0. 0. 1. 0. 0. 1.]","[1. 1. 1. 0. 0. 0. 0. 1. 1. 1. 0. 0. 1. 0. 0. 0. 0. 0. 0. 0. 1. 0. 0. 1.
 0. 1. 0. 1. 0. 0. 0.]","[1. 0. 0. 0. 1. 0. 0. 0. 0. 0. 0. 0. 1. 0. 1. 0. 0. 0. 0. 1. 0. 0. 1. 0.
 0. 1. 1. 0. 0. 0. 0.]","[1. 1. 0. 1. 1. 1. 0. 0. 1. 0. 1. 0. 1. 0. 1. 1. 0. 0. 0. 1. 0. 0. 1. 0.
 0. 1. 0. 1. 0. 1. 0.]","[1. 0. 0. 0. 1. 1. 0. 1. 0. 1. 1. 0. 1. 1. 1. 1. 0. 0. 1. 0. 0. 0. 1. 1.
 0. 0. 0. 0. 0. 0. 0.]","[1. 0. 0. 0. 1. 1. 0. 0. 0. 0. 0. 1. 1. 0. 1. 0. 0. 0. 1. 0. 1. 0. 0. 0.
 0. 0. 1. 0. 0. 0. 0.]","[1. 1. 1. 0. 1. 1. 0. 1. 0. 1. 1. 0. 1. 1. 1. 0. 1. 0. 0. 0. 0. 0. 1. 0.
 0. 1. 0. 0. 0. 0. 0.]","[1. 1. 1. 0. 0. 1. 0. 0. 1. 1. 1. 0. 1. 1. 1. 1. 1. 1. 0. 0. 0. 0. 1. 0.
 0. 0. 0. 1. 0. 0. 0.]","[1. 0. 0. 0. 1. 0. 0. 1. 1. 1. 0. 0. 1. 0. 1. 0. 0. 0. 0. 0. 1. 0. 0. 0.
 1. 0. 0. 0. 0. 0. 0.]","[1. 1. 0. 0. 1. 1. 0. 1. 1. 0. 0. 1. 1. 0. 1. 1. 0. 1. 0. 0. 0. 0. 1. 0.
 0. 0. 0. 0. 1. 0. 0.]","[1. 1. 0. 0. 1. 0. 0. 1. 1. 1. 0. 0. 1. 1. 1. 1. 0. 1. 0. 0. 1. 0. 0. 0.
 0. 0. 0. 0. 0. 0. 1.]","[1. 1. 1. 0. 1. 1. 0. 0. 1. 0. 1. 0. 1. 1. 1. 0. 1. 0. 0. 1. 0. 0. 1. 0.
 0. 1. 0. 0. 0. 0. 0.]","[1. 1. 0. 1. 0. 0. 0. 0. 0. 1. 0. 0. 1. 0. 0. 0. 0. 0. 0. 0. 1. 0. 0. 0.
 1. 0. 0. 0. 0. 0. 0.]","[1. 1. 1. 0. 1. 0. 0. 1. 0. 1. 0. 0. 1. 0. 1. 0. 0. 0. 0. 0. 0. 0. 1. 1.
 0. 0. 0. 1. 0. 0. 0.]","[1. 0. 0. 0. 1. 0. 0. 1. 1. 1. 0. 0. 1. 0. 1. 0. 0. 0. 0. 0. 1. 0. 0. 0.
 1. 0. 0. 0. 0. 0. 0.]","[1. 1. 1. 0. 0. 1. 0. 1. 0. 1. 1. 0. 1. 0. 1. 1. 0. 1. 0. 0. 1. 0. 0. 0.
 0. 1. 0. 0. 0. 0. 1.]","[1. 1. 0. 0. 1. 0. 0. 1. 1. 1. 0. 0. 1. 0. 1. 1. 0. 1. 0. 0. 0. 1. 0. 0.
 0. 0. 0. 1. 0. 1. 0.]","[1. 1. 1. 0. 0. 0. 0. 1. 0. 1. 1. 0. 1. 1. 1. 0. 0. 0. 0. 0. 1. 0. 0. 1.
 0. 0. 0. 0. 0. 0. 0.]","[1. 1. 0. 0. 1. 1. 0. 1. 1. 1. 1. 0. 1. 1. 1. 0. 1. 0. 0. 0. 1. 0. 0. 0.
 0. 1. 0. 0. 0. 0. 0.]","[1. 0. 0. 0. 1. 0. 0. 1. 1. 1. 1. 0. 1. 1. 1. 0. 0. 1. 1. 0. 0. 1. 0. 1.
 0. 0. 0. 0. 0. 0. 0.]","[1. 0. 0. 0. 1. 0. 0. 1. 1. 0. 0. 1. 1. 0. 1. 0. 0. 0. 0. 0. 1. 0. 0. 0.
 0. 0. 0. 0. 0. 1. 0.]","[1. 1. 0. 0. 1. 0. 0. 1. 0. 0. 0. 1. 1. 1. 1. 0. 0. 0. 0. 0. 0. 1. 0. 1.
 0. 1. 0. 0. 0. 0. 0.]","[1. 0. 1. 1. 1. 0. 0. 1. 0. 1. 0. 0. 1. 0. 1. 0. 0. 1. 1. 0. 0. 1. 0. 1.
 0. 0. 0. 0. 0. 0. 0.]","[1. 0. 0. 0. 1. 0. 0. 0. 0. 1. 0. 0. 1. 0. 1. 1. 0. 0. 1. 0. 1. 0. 0. 0.
 0. 0. 1. 0. 0. 0. 0.]","[1. 0. 0. 0. 0. 0. 0. 0. 0. 0. 0. 0. 1. 0. 1. 0. 0. 0. 0. 1. 0. 1. 0. 0.
 0. 0. 1. 0. 0. 0. 0.]","[1. 1. 0. 0. 0. 1. 0. 1. 0. 1. 1. 0. 1. 1. 1. 1. 0. 1. 0. 0. 1. 0. 0. 0.
 0. 1. 0. 0. 0. 0. 1.]","[1. 0. 1. 1. 1. 0. 0. 1. 0. 1. 0. 0. 1. 0. 1. 0. 0. 1. 1. 0. 0. 1. 0. 1.
 0. 0. 0. 0. 0. 0. 0.]","[1. 1. 1. 0. 0. 0. 0. 1. 0. 1. 1. 0. 1. 0. 1. 0. 0. 0. 0. 0. 1. 0. 0. 1.
 0. 0. 0. 1. 0. 0. 0.]","[1. 1. 0. 0. 1. 1. 0. 0. 0. 1. 0. 0. 1. 1. 1. 1. 1. 1. 1. 0. 0. 0. 1. 0.
 0. 1. 0. 1. 0. 0. 0.]","[1. 0. 0. 0. 1. 0. 0. 1. 1. 0. 0. 1. 1. 1. 1. 0. 0. 0. 0. 0. 0. 0. 1. 1.
 0. 1. 0. 0. 0. 0. 0.]","[1. 1. 1. 0. 0. 0. 0. 1. 0. 1. 0. 0. 1. 1. 1. 0. 0. 0. 0. 0. 0. 0. 1. 1.
 0. 0. 0. 1. 0. 0. 0.]","[1. 0. 0. 0. 1. 0. 0. 0. 0. 0. 0. 1. 1. 0. 1. 1. 0. 0. 1. 0. 1. 0. 0. 0.
 0. 0. 1. 0. 0. 0. 0.]","[1. 0. 0. 0. 0. 0. 0. 0. 0. 0. 0. 0. 1. 0. 1. 0. 1. 0. 0. 1. 0. 1. 0. 0.
 0. 0. 0. 0. 0. 0. 0.]"
13.622,4051.464,391.132,17.442,530.58,7.016,32.516,1166.014,54.628,61.772,3.908,8.928,31.298,58.84,731.104,59.846,7.016,37.96,65.322,39.022,62.716,186.264,44.052,45.586,797.302,90.518,80.86,80.86,1186.65,88.238,351.872,34.72,42.476,143.756,80.968,122.008,966.038,35.158,217.168,66.356,32.37,29.802,81.618,56.034,89.012,35.602,94.56,65.322,34.03,61.95,74.256,225.69,92.448,71.138,105.236,1657.34,443.53,31.53,1298.732,71.138,2858.314,66.356,61.268,52.136,159.226,61.95,39.558,60.838,1892.912,53.174,111.092,435.896,50.912,2567.262,33.166,51.2,98.914,107.738,101.966,50.854,96.872,40.206,51.116,54.628,839.708,111.04,101.966,107.472,1671.342,84.25,29.662,109.572,119.372,53.152,107.936,48.052,94.56,847.12,530.172,3117.156,105.236,37.942,160.632,2558.038,2026.898,94.56,2705.81,903.768,96.872,89.788,51.288,43.614,146.344,62.444,32.516,27.398,23.85,60.966,43.536,37.026,12.608,17.742,36.488,29.086,88.514,30.882,32.47,128.804,35.142,68.122,100.708,106.474,109.622,177.36,430.866,12.608,996.608,3028.538,110.448,25.108,39.558,23.626,610.484,96.408,43.366,87.934,58.622,17.458,59.912,80.31,163.454,101.968,997.298,74.16,72.434,42.806,12.608,94.232,530.58,1657.34,884.242,514.116,42.92,94.78,53.152,54.588,1715.672,46.6,32.834,27.228,54.848,31.298,158.118,67.612,2780.658,154.356,95.01,40.206,52.13,94.158,12.72,54.588,149.632,111.092,50.912,43.56,27.228,140.976,23.712,87.934,32.11,96.872,27.228,34.486,90.782,89.788,29.992,321.844,494.152,3112.43,326.728,19.06,9.732,24.484,326.728,90.216,39.75,2493.468,102.832,111.412,33.186
181
