1,2,3,4,5,6,7,8,9,10,11,12,13,14,15,16,17,18,19,20,21,22,23,24,25,26,27,28,29,30,31,32,33,34,35,36,37,38,39,40,41,42,43,44,45,46,47,48,49,50,51,52,53,54,55,56,57,58,59,60,61,62,63,64,65,66,67,68,69,70,71,72,73,74,75,76,77,78,79,80,81,82,83,84,85,86,87,88,89,90,91,92,93,94,95,96,97,98,99,100,101,102,103,104,105,106,107,108,109,110,111,112,113,114,115,116,117,118,119,120,121,122,123,124,125,126,127,128,129,130,131,132,133,134,135,136,137,138,139,140,141,142,143,144,145,146,147,148,149,150,151,152,153,154,155,156,157,158,159,160,161,162,163,164,165,166,167,168,169,170,171,172,173,174,175,176,177,178,179,180,181,182,183,184,185,186,187,188,189,190,191,192,193,194,195,196,197,198,199,200,201,202,203,204,205,206,207,208,209,210,211,212,213,214,215,216,217,218,219,220,221,222,223,224,225,226,227,228,229,230,231,232,233,234,235,236,237,238,239,240,241,242,243,244,245,246,247,248,249,250,251,252,253,254,255,256,257,258,259,260
"[1. 0. 0. 0. 0. 0. 0. 0. 0. 0. 0. 1. 1. 0. 1. 0. 0. 0. 0. 0. 1. 0. 0. 0.
 0. 1. 0. 0. 0. 1. 0.]","[1. 1. 0. 0. 0. 1. 0. 1. 1. 1. 1. 0. 1. 0. 0. 1. 0. 1. 1. 0. 1. 0. 0. 0.
 0. 1. 0. 0. 0. 0. 1.]","[1. 0. 1. 0. 0. 0. 0. 0. 0. 1. 0. 0. 1. 0. 0. 0. 0. 0. 0. 0. 1. 0. 0. 0.
 0. 0. 1. 0. 0. 0. 0.]","[1. 1. 0. 1. 0. 1. 0. 1. 0. 1. 1. 0. 1. 1. 1. 1. 0. 1. 0. 0. 0. 0. 1. 0.
 0. 0. 0. 1. 0. 1. 0.]","[1. 1. 0. 1. 0. 0. 0. 0. 0. 0. 0. 1. 1. 0. 0. 0. 0. 0. 0. 0. 0. 0. 1. 0.
 0. 0. 0. 0. 0. 1. 0.]","[1. 0. 1. 1. 0. 0. 0. 1. 0. 1. 1. 0. 1. 1. 0. 0. 0. 1. 1. 0. 0. 1. 0. 1.
 0. 0. 0. 0. 0. 0. 0.]","[1. 0. 0. 0. 0. 0. 0. 1. 0. 1. 0. 0. 1. 0. 0. 0. 0. 0. 0. 0. 0. 1. 0. 0.
 0. 0. 0. 0. 0. 1. 0.]","[1. 1. 0. 0. 1. 0. 0. 1. 1. 1. 0. 0. 1. 0. 1. 1. 0. 1. 0. 0. 0. 1. 0. 0.
 0. 0. 0. 1. 0. 0. 1.]","[1. 0. 0. 1. 0. 1. 0. 0. 1. 0. 0. 1. 1. 0. 1. 0. 0. 1. 1. 0. 0. 1. 0. 0.
 0. 0. 1. 0. 0. 0. 0.]","[1. 0. 0. 0. 0. 0. 0. 0. 0. 0. 0. 1. 1. 0. 1. 0. 0. 0. 0. 0. 0. 0. 1. 0.
 0. 1. 0. 0. 0. 1. 0.]","[1. 0. 1. 0. 0. 0. 0. 0. 0. 1. 0. 0. 1. 1. 0. 0. 0. 0. 0. 0. 1. 0. 0. 0.
 0. 0. 0. 0. 0. 1. 0.]","[1. 0. 1. 0. 0. 0. 1. 0. 0. 1. 0. 0. 1. 0. 0. 0. 0. 0. 0. 0. 1. 0. 0. 0.
 0. 0. 0. 0. 0. 0. 0.]","[1. 1. 0. 0. 0. 0. 0. 1. 0. 1. 1. 0. 1. 0. 0. 1. 0. 0. 0. 0. 1. 0. 0. 0.
 0. 0. 1. 0. 0. 0. 0.]","[1. 1. 0. 0. 1. 0. 0. 1. 0. 1. 1. 0. 1. 1. 0. 1. 0. 1. 1. 0. 1. 0. 0. 0.
 0. 1. 0. 0. 0. 0. 1.]","[1. 1. 0. 1. 0. 0. 1. 0. 0. 1. 0. 0. 1. 0. 0. 0. 0. 0. 0. 0. 1. 0. 0. 0.
 0. 0. 0. 0. 0. 0. 0.]","[1. 0. 1. 0. 0. 0. 0. 1. 0. 1. 0. 0. 1. 1. 0. 0. 0. 0. 1. 0. 1. 0. 0. 0.
 0. 0. 0. 1. 0. 0. 1.]","[1. 1. 1. 0. 1. 0. 0. 0. 0. 0. 0. 0. 1. 0. 0. 0. 0. 0. 0. 1. 0. 0. 1. 0.
 0. 0. 0. 0. 1. 0. 0.]","[1. 0. 1. 0. 0. 0. 0. 1. 0. 1. 1. 0. 1. 1. 0. 0. 0. 0. 0. 0. 1. 0. 0. 1.
 0. 1. 0. 1. 0. 0. 0.]","[1. 0. 1. 0. 0. 0. 0. 0. 0. 0. 1. 0. 1. 1. 0. 0. 0. 0. 0. 1. 1. 0. 0. 0.
 0. 0. 1. 0. 0. 0. 0.]","[1. 0. 0. 0. 1. 0. 0. 1. 0. 0. 0. 1. 1. 0. 1. 0. 0. 0. 0. 0. 1. 0. 0. 0.
 0. 0. 0. 0. 0. 1. 0.]","[1. 0. 0. 0. 0. 0. 0. 0. 0. 1. 1. 0. 1. 1. 1. 0. 0. 1. 1. 0. 0. 0. 1. 0.
 0. 0. 0. 0. 0. 1. 0.]","[1. 1. 1. 1. 1. 1. 0. 1. 0. 0. 0. 1. 1. 1. 0. 1. 1. 1. 0. 0. 1. 0. 0. 0.
 0. 1. 0. 0. 0. 0. 0.]","[1. 0. 0. 0. 1. 0. 0. 0. 0. 1. 1. 0. 1. 1. 0. 0. 0. 1. 1. 0. 0. 0. 1. 0.
 0. 0. 0. 0. 0. 1. 0.]","[1. 0. 0. 1. 1. 0. 0. 0. 0. 1. 0. 0. 1. 1. 0. 1. 0. 1. 1. 0. 0. 1. 0. 0.
 0. 0. 1. 1. 0. 0. 0.]","[1. 0. 0. 0. 0. 0. 0. 1. 0. 1. 0. 0. 1. 1. 0. 0. 0. 1. 1. 0. 1. 0. 0. 0.
 0. 0. 1. 0. 0. 0. 0.]","[1. 1. 1. 0. 0. 0. 0. 0. 0. 1. 0. 0. 1. 0. 0. 0. 0. 0. 0. 0. 0. 0. 1. 0.
 1. 0. 0. 0. 0. 0. 0.]","[1. 0. 0. 0. 1. 0. 1. 1. 1. 1. 0. 0. 1. 1. 0. 0. 0. 0. 0. 0. 1. 0. 0. 0.
 0. 0. 0. 0. 0. 0. 0.]","[1. 0. 0. 0. 0. 0. 0. 1. 0. 1. 1. 0. 1. 0. 0. 0. 0. 0. 0. 0. 0. 1. 0. 0.
 0. 0. 0. 0. 0. 1. 0.]","[1. 0. 1. 0. 1. 1. 0. 0. 1. 1. 1. 0. 1. 1. 1. 0. 0. 1. 1. 0. 0. 0. 1. 0.
 1. 0. 0. 0. 0. 0. 0.]","[1. 1. 1. 0. 1. 0. 0. 1. 0. 1. 1. 0. 1. 0. 0. 1. 0. 1. 0. 0. 1. 0. 0. 0.
 0. 1. 0. 1. 0. 0. 1.]","[1. 1. 0. 0. 1. 0. 0. 1. 0. 1. 1. 0. 1. 0. 1. 1. 0. 1. 1. 0. 1. 0. 0. 0.
 0. 1. 0. 0. 0. 0. 1.]","[1. 1. 1. 0. 0. 0. 0. 1. 1. 1. 0. 0. 1. 1. 0. 1. 0. 1. 1. 0. 1. 0. 0. 0.
 0. 1. 0. 0. 0. 0. 1.]","[1. 1. 1. 0. 1. 1. 0. 0. 1. 0. 1. 0. 1. 1. 0. 1. 0. 1. 0. 1. 0. 1. 0. 0.
 0. 1. 1. 0. 0. 0. 0.]","[1. 0. 0. 0. 0. 0. 1. 1. 1. 1. 0. 0. 1. 1. 1. 0. 0. 0. 0. 0. 1. 0. 0. 0.
 0. 0. 0. 0. 0. 0. 0.]","[1. 1. 0. 0. 0. 0. 0. 1. 0. 1. 0. 0. 1. 0. 0. 0. 0. 0. 0. 0. 0. 1. 0. 0.
 0. 0. 1. 0. 0. 0. 0.]","[1. 1. 1. 0. 1. 0. 0. 1. 0. 1. 1. 0. 1. 0. 0. 1. 0. 1. 1. 0. 1. 0. 0. 0.
 0. 0. 0. 1. 0. 0. 1.]","[1. 1. 1. 1. 1. 1. 1. 1. 1. 1. 1. 0. 1. 0. 0. 1. 0. 0. 0. 0. 1. 0. 0. 0.
 0. 1. 0. 0. 0. 0. 0.]","[1. 0. 1. 0. 1. 1. 1. 1. 0. 1. 1. 0. 1. 0. 1. 1. 0. 0. 1. 0. 1. 0. 0. 0.
 0. 1. 0. 1. 0. 0. 0.]","[1. 1. 0. 0. 1. 1. 0. 1. 1. 1. 1. 0. 1. 1. 0. 1. 1. 1. 1. 0. 1. 0. 0. 0.
 0. 0. 0. 0. 0. 0. 0.]","[1. 0. 0. 0. 1. 0. 0. 0. 0. 0. 0. 0. 1. 1. 0. 0. 0. 0. 0. 1. 0. 0. 1. 0.
 0. 1. 1. 0. 0. 0. 0.]","[1. 1. 0. 0. 1. 0. 0. 1. 1. 1. 1. 0. 1. 0. 0. 1. 0. 1. 1. 0. 1. 0. 0. 0.
 0. 1. 0. 0. 0. 0. 1.]","[1. 1. 0. 0. 0. 1. 0. 1. 1. 1. 1. 0. 1. 1. 1. 1. 0. 1. 0. 0. 1. 0. 0. 0.
 0. 0. 0. 0. 0. 0. 1.]","[1. 0. 0. 0. 0. 0. 0. 1. 0. 1. 0. 0. 1. 0. 0. 1. 0. 1. 1. 0. 1. 0. 0. 0.
 0. 0. 1. 0. 0. 0. 0.]","[1. 1. 0. 0. 1. 1. 0. 1. 1. 1. 1. 0. 1. 0. 0. 1. 0. 1. 0. 0. 1. 0. 0. 0.
 0. 1. 0. 0. 0. 0. 1.]","[1. 1. 1. 0. 0. 1. 0. 1. 1. 1. 1. 0. 1. 1. 0. 1. 0. 1. 0. 0. 1. 0. 0. 0.
 0. 0. 0. 0. 0. 0. 1.]","[1. 0. 0. 0. 1. 1. 0. 1. 1. 1. 0. 0. 1. 1. 1. 1. 0. 1. 0. 0. 1. 0. 0. 0.
 0. 0. 0. 0. 0. 0. 1.]","[1. 0. 1. 0. 0. 0. 0. 0. 1. 0. 0. 1. 1. 1. 0. 0. 0. 0. 0. 0. 1. 0. 0. 0.
 0. 0. 1. 0. 0. 0. 0.]","[1. 1. 0. 0. 1. 1. 0. 1. 1. 1. 1. 0. 1. 1. 1. 0. 1. 0. 0. 0. 1. 0. 0. 0.
 0. 1. 0. 0. 0. 0. 0.]","[1. 1. 1. 0. 1. 1. 0. 1. 0. 1. 0. 0. 1. 1. 1. 1. 0. 1. 0. 0. 1. 0. 0. 0.
 0. 0. 0. 0. 0. 0. 1.]","[1. 1. 0. 0. 0. 1. 0. 0. 1. 1. 1. 0. 1. 0. 0. 0. 0. 0. 0. 0. 1. 0. 0. 0.
 0. 0. 1. 0. 0. 0. 0.]","[1. 1. 0. 0. 0. 0. 0. 1. 1. 1. 0. 0. 1. 1. 1. 1. 0. 1. 1. 0. 1. 0. 0. 0.
 0. 0. 0. 1. 0. 0. 1.]","[1. 1. 0. 0. 0. 1. 0. 1. 1. 1. 0. 0. 1. 1. 1. 1. 0. 1. 0. 0. 1. 0. 0. 0.
 0. 1. 0. 0. 0. 0. 1.]","[1. 1. 0. 0. 1. 0. 0. 1. 0. 1. 1. 0. 1. 0. 1. 1. 0. 1. 1. 0. 1. 0. 0. 0.
 0. 1. 0. 0. 0. 0. 1.]","[1. 1. 0. 0. 1. 0. 0. 1. 1. 1. 0. 0. 1. 1. 0. 1. 0. 1. 1. 0. 1. 0. 0. 0.
 0. 1. 0. 0. 0. 0. 1.]","[1. 0. 0. 0. 0. 0. 0. 0. 1. 0. 1. 1. 1. 1. 0. 0. 0. 0. 0. 0. 1. 0. 0. 0.
 0. 0. 1. 0. 0. 0. 0.]","[1. 1. 1. 0. 1. 0. 0. 1. 1. 1. 0. 0. 1. 0. 1. 1. 0. 1. 0. 0. 1. 0. 0. 0.
 0. 1. 0. 0. 0. 0. 1.]","[1. 0. 0. 0. 0. 1. 0. 0. 0. 1. 1. 0. 1. 0. 0. 0. 0. 0. 0. 0. 1. 0. 0. 0.
 1. 0. 0. 0. 0. 0. 0.]","[1. 0. 1. 0. 1. 1. 1. 1. 1. 0. 0. 1. 1. 0. 0. 1. 0. 1. 1. 0. 1. 0. 0. 0.
 0. 1. 0. 1. 0. 0. 0.]","[1. 1. 0. 0. 0. 1. 0. 1. 0. 1. 0. 0. 1. 0. 0. 0. 1. 0. 1. 0. 0. 1. 0. 0.
 0. 0. 0. 1. 0. 0. 0.]","[1. 1. 0. 0. 1. 0. 0. 1. 1. 1. 0. 0. 1. 0. 1. 1. 0. 1. 1. 0. 1. 0. 0. 0.
 0. 1. 0. 0. 0. 0. 1.]","[1. 1. 0. 0. 1. 0. 0. 1. 1. 1. 0. 0. 1. 0. 1. 1. 0. 1. 1. 0. 1. 0. 0. 0.
 0. 1. 0. 0. 0. 0. 1.]","[1. 1. 0. 0. 1. 0. 0. 1. 1. 1. 1. 0. 1. 0. 0. 1. 0. 1. 0. 0. 1. 0. 0. 0.
 0. 1. 0. 1. 0. 0. 1.]","[1. 0. 0. 0. 0. 0. 1. 0. 0. 1. 0. 0. 1. 0. 1. 1. 0. 0. 0. 0. 1. 0. 0. 0.
 0. 0. 0. 0. 0. 0. 0.]","[1. 1. 0. 0. 1. 0. 0. 1. 0. 1. 1. 0. 1. 1. 0. 1. 0. 1. 1. 0. 1. 0. 0. 0.
 0. 1. 0. 0. 0. 0. 1.]","[1. 1. 0. 0. 1. 1. 0. 0. 0. 1. 0. 0. 1. 1. 1. 1. 1. 1. 1. 0. 0. 0. 1. 0.
 0. 1. 0. 1. 0. 0. 0.]","[1. 1. 0. 0. 1. 1. 0. 1. 0. 1. 1. 0. 1. 0. 1. 1. 0. 1. 1. 0. 1. 0. 0. 0.
 0. 0. 0. 0. 0. 0. 1.]","[1. 0. 0. 0. 1. 0. 1. 1. 0. 1. 1. 0. 1. 0. 0. 0. 0. 0. 1. 0. 0. 1. 0. 0.
 0. 0. 0. 1. 0. 0. 0.]","[1. 1. 1. 0. 1. 1. 0. 1. 0. 0. 0. 1. 1. 0. 1. 1. 0. 1. 1. 0. 0. 1. 0. 0.
 0. 1. 0. 0. 0. 1. 0.]","[1. 0. 1. 0. 1. 0. 0. 1. 1. 1. 1. 0. 1. 1. 0. 1. 0. 1. 0. 0. 1. 0. 0. 0.
 0. 1. 0. 0. 0. 0. 1.]","[1. 0. 1. 1. 1. 1. 0. 0. 0. 1. 0. 0. 1. 0. 0. 0. 0. 1. 1. 0. 1. 0. 0. 0.
 1. 1. 0. 0. 0. 0. 0.]","[1. 0. 1. 0. 1. 0. 0. 1. 1. 1. 1. 0. 1. 0. 1. 1. 0. 1. 0. 0. 1. 0. 0. 0.
 0. 1. 0. 0. 0. 0. 1.]","[1. 0. 0. 1. 1. 1. 0. 0. 0. 1. 0. 0. 1. 0. 1. 0. 0. 1. 1. 0. 1. 0. 0. 0.
 1. 1. 0. 0. 0. 0. 0.]","[1. 0. 0. 0. 0. 1. 0. 1. 0. 1. 0. 0. 1. 0. 0. 0. 1. 0. 1. 0. 0. 1. 0. 0.
 0. 1. 0. 1. 0. 0. 0.]","[1. 0. 0. 0. 1. 0. 0. 0. 1. 1. 0. 0. 1. 1. 0. 0. 0. 1. 1. 0. 0. 0. 1. 0.
 0. 0. 0. 0. 1. 0. 0.]","[1. 1. 1. 0. 1. 1. 1. 0. 1. 1. 0. 0. 1. 1. 0. 1. 0. 0. 1. 0. 1. 0. 0. 0.
 0. 1. 0. 1. 0. 0. 0.]","[1. 0. 0. 0. 1. 0. 0. 0. 1. 1. 0. 0. 1. 0. 1. 0. 0. 1. 1. 0. 0. 0. 1. 0.
 0. 0. 0. 0. 0. 1. 0.]","[1. 0. 0. 0. 1. 1. 0. 0. 1. 0. 1. 1. 1. 1. 1. 1. 0. 1. 1. 0. 1. 0. 0. 0.
 0. 1. 0. 0. 1. 0. 0.]","[1. 0. 0. 0. 1. 0. 0. 0. 1. 1. 0. 0. 1. 0. 0. 1. 0. 0. 1. 0. 1. 0. 0. 0.
 0. 0. 1. 0. 0. 0. 0.]","[1. 1. 1. 0. 0. 1. 0. 1. 1. 1. 0. 0. 1. 0. 1. 1. 0. 1. 1. 0. 1. 0. 0. 0.
 0. 0. 0. 0. 0. 0. 1.]","[1. 1. 1. 0. 1. 1. 0. 1. 0. 1. 1. 0. 1. 0. 0. 1. 0. 1. 1. 0. 1. 0. 0. 0.
 0. 0. 0. 1. 0. 1. 0.]","[1. 0. 0. 0. 1. 1. 0. 0. 1. 0. 1. 1. 1. 1. 1. 1. 0. 1. 1. 0. 1. 0. 0. 0.
 0. 1. 0. 0. 1. 0. 0.]","[1. 0. 0. 0. 1. 1. 0. 1. 1. 1. 0. 0. 1. 1. 1. 1. 0. 1. 0. 0. 1. 0. 0. 0.
 0. 0. 0. 0. 0. 0. 1.]","[1. 0. 0. 1. 0. 0. 1. 0. 1. 1. 0. 0. 1. 1. 0. 1. 0. 1. 1. 0. 0. 1. 0. 0.
 0. 0. 0. 1. 0. 0. 0.]","[1. 1. 0. 0. 0. 1. 0. 1. 1. 1. 0. 0. 1. 0. 1. 1. 0. 1. 0. 0. 1. 0. 0. 0.
 0. 1. 0. 1. 0. 0. 1.]","[1. 1. 1. 0. 1. 1. 0. 1. 1. 1. 0. 0. 1. 0. 1. 1. 0. 1. 0. 0. 1. 0. 0. 0.
 0. 0. 0. 1. 0. 0. 1.]","[1. 1. 0. 0. 1. 1. 0. 1. 1. 1. 1. 0. 1. 0. 0. 1. 0. 1. 0. 0. 1. 0. 0. 0.
 0. 1. 0. 0. 0. 0. 1.]","[1. 1. 1. 0. 0. 1. 0. 1. 0. 1. 0. 0. 1. 0. 1. 1. 0. 1. 1. 0. 1. 0. 0. 0.
 0. 1. 0. 0. 0. 0. 1.]","[1. 0. 0. 0. 0. 0. 0. 1. 1. 1. 1. 0. 1. 1. 0. 1. 0. 1. 1. 0. 1. 0. 0. 0.
 1. 1. 0. 1. 0. 0. 0.]","[1. 0. 0. 0. 1. 1. 0. 0. 1. 1. 0. 0. 1. 1. 1. 1. 0. 1. 0. 0. 0. 1. 0. 0.
 0. 0. 0. 1. 0. 1. 0.]","[1. 0. 0. 0. 0. 0. 0. 0. 1. 1. 1. 0. 1. 0. 0. 0. 0. 0. 0. 0. 0. 1. 0. 0.
 0. 0. 0. 0. 0. 0. 1.]","[1. 1. 1. 0. 1. 1. 0. 1. 1. 1. 0. 0. 1. 0. 0. 1. 0. 1. 1. 0. 1. 0. 0. 0.
 0. 0. 0. 0. 0. 0. 1.]","[1. 0. 0. 0. 1. 1. 1. 0. 0. 1. 0. 0. 1. 0. 0. 0. 0. 0. 0. 0. 0. 0. 1. 0.
 0. 0. 0. 0. 0. 0. 0.]","[1. 0. 0. 0. 1. 0. 0. 1. 0. 0. 0. 1. 1. 0. 0. 0. 0. 0. 1. 0. 1. 0. 0. 0.
 1. 0. 0. 0. 0. 0. 0.]","[1. 1. 1. 0. 0. 1. 1. 1. 1. 1. 1. 0. 1. 0. 0. 1. 0. 1. 1. 0. 0. 0. 1. 0.
 0. 1. 0. 0. 0. 0. 0.]","[1. 0. 0. 0. 1. 0. 0. 0. 0. 1. 0. 0. 1. 0. 0. 1. 0. 1. 1. 0. 1. 0. 0. 0.
 0. 0. 1. 0. 0. 0. 0.]","[1. 0. 0. 0. 0. 0. 0. 1. 1. 0. 0. 1. 1. 0. 1. 0. 0. 1. 1. 0. 0. 0. 1. 0.
 0. 0. 0. 0. 1. 0. 0.]","[1. 1. 1. 0. 1. 0. 0. 1. 0. 1. 0. 0. 1. 0. 1. 0. 0. 0. 0. 0. 0. 0. 1. 1.
 0. 0. 0. 1. 0. 0. 0.]","[1. 0. 0. 1. 1. 1. 0. 0. 0. 0. 1. 1. 1. 1. 0. 0. 0. 1. 1. 0. 0. 1. 0. 0.
 1. 0. 0. 0. 0. 0. 0.]","[1. 1. 1. 0. 1. 1. 0. 1. 0. 0. 1. 1. 1. 0. 0. 1. 0. 1. 1. 0. 1. 0. 0. 0.
 0. 0. 1. 1. 0. 0. 0.]","[1. 0. 0. 0. 1. 0. 0. 0. 1. 1. 0. 0. 1. 1. 0. 0. 0. 0. 1. 0. 1. 0. 0. 0.
 0. 0. 1. 0. 0. 0. 0.]","[1. 1. 1. 0. 0. 0. 0. 1. 1. 1. 0. 0. 1. 0. 1. 1. 0. 1. 1. 0. 1. 0. 0. 0.
 0. 1. 0. 0. 0. 0. 1.]","[1. 1. 0. 1. 0. 1. 1. 1. 1. 0. 1. 1. 1. 0. 0. 1. 0. 1. 1. 0. 1. 0. 0. 0.
 0. 0. 0. 1. 0. 0. 0.]","[1. 1. 1. 0. 0. 1. 0. 1. 1. 1. 1. 0. 1. 1. 1. 0. 1. 0. 0. 0. 1. 0. 0. 0.
 0. 1. 0. 0. 0. 0. 0.]","[1. 0. 0. 0. 0. 0. 1. 1. 0. 0. 0. 1. 1. 0. 0. 0. 0. 0. 0. 0. 0. 0. 1. 0.
 0. 0. 0. 1. 0. 0. 0.]","[1. 1. 0. 0. 1. 0. 0. 1. 0. 1. 0. 0. 1. 0. 1. 1. 0. 1. 1. 0. 1. 0. 0. 0.
 0. 1. 0. 1. 0. 0. 1.]","[1. 1. 1. 0. 1. 1. 0. 1. 1. 1. 0. 0. 1. 1. 1. 0. 1. 0. 0. 0. 1. 0. 0. 0.
 0. 1. 0. 0. 0. 0. 0.]","[1. 1. 0. 0. 0. 1. 0. 1. 1. 1. 1. 0. 1. 1. 0. 1. 0. 1. 0. 0. 1. 0. 0. 0.
 0. 1. 0. 0. 0. 0. 1.]","[1. 1. 0. 0. 0. 1. 0. 1. 1. 1. 0. 0. 1. 0. 1. 1. 0. 1. 1. 0. 1. 0. 0. 0.
 0. 1. 0. 0. 0. 0. 1.]","[1. 0. 1. 0. 1. 1. 1. 1. 0. 1. 1. 0. 1. 0. 1. 1. 0. 0. 1. 0. 1. 0. 0. 0.
 0. 1. 0. 1. 0. 0. 0.]","[1. 1. 1. 0. 1. 1. 1. 1. 1. 0. 0. 1. 1. 0. 0. 1. 0. 1. 0. 0. 1. 0. 0. 0.
 0. 1. 0. 1. 0. 0. 0.]","[1. 0. 1. 1. 1. 1. 1. 1. 1. 1. 1. 0. 1. 0. 0. 1. 0. 1. 0. 0. 1. 0. 0. 0.
 0. 0. 0. 1. 0. 0. 0.]","[1. 1. 1. 0. 1. 1. 0. 1. 1. 1. 0. 0. 1. 0. 1. 1. 0. 1. 0. 0. 1. 0. 0. 0.
 0. 0. 0. 1. 0. 0. 1.]","[1. 1. 1. 0. 1. 1. 0. 1. 1. 1. 1. 0. 1. 0. 0. 1. 0. 1. 0. 0. 1. 0. 0. 0.
 0. 0. 0. 1. 0. 0. 1.]","[1. 1. 0. 0. 1. 0. 0. 1. 0. 1. 0. 0. 1. 1. 1. 1. 0. 1. 0. 0. 1. 0. 0. 0.
 0. 1. 0. 1. 0. 0. 1.]","[1. 1. 1. 0. 1. 1. 0. 0. 1. 1. 1. 0. 1. 0. 1. 1. 0. 0. 0. 0. 0. 0. 1. 0.
 1. 1. 0. 1. 0. 0. 0.]","[1. 1. 1. 0. 1. 1. 0. 0. 1. 1. 0. 0. 1. 1. 1. 1. 0. 0. 1. 0. 0. 0. 1. 0.
 1. 0. 0. 1. 0. 0. 0.]","[1. 1. 1. 0. 0. 1. 0. 1. 1. 1. 0. 0. 1. 0. 0. 1. 0. 1. 1. 0. 1. 0. 0. 0.
 0. 1. 0. 0. 0. 0. 1.]","[1. 1. 1. 0. 1. 1. 0. 1. 0. 1. 1. 0. 1. 0. 0. 1. 0. 1. 0. 0. 1. 0. 0. 0.
 0. 1. 0. 0. 0. 0. 1.]","[1. 1. 1. 0. 1. 1. 0. 1. 0. 1. 0. 0. 1. 0. 1. 1. 0. 1. 0. 0. 1. 0. 0. 0.
 0. 1. 0. 0. 0. 0. 1.]","[1. 1. 0. 0. 0. 1. 1. 1. 1. 0. 0. 1. 1. 1. 1. 0. 0. 0. 1. 0. 1. 0. 0. 0.
 0. 1. 0. 1. 0. 0. 0.]","[1. 1. 1. 0. 1. 1. 1. 0. 1. 0. 0. 1. 1. 1. 1. 1. 0. 1. 1. 0. 1. 0. 0. 0.
 0. 0. 0. 0. 0. 0. 0.]","[1. 1. 0. 0. 0. 0. 0. 1. 1. 1. 0. 0. 1. 0. 1. 1. 0. 1. 1. 0. 1. 0. 0. 0.
 0. 1. 0. 1. 0. 0. 1.]","[1. 1. 1. 0. 1. 1. 0. 1. 0. 1. 0. 0. 1. 0. 0. 1. 0. 1. 0. 0. 1. 0. 0. 0.
 0. 1. 0. 1. 0. 0. 1.]","[1. 0. 0. 0. 0. 0. 0. 1. 1. 1. 1. 0. 1. 1. 0. 1. 0. 1. 1. 0. 1. 0. 0. 0.
 1. 1. 0. 1. 0. 0. 0.]","[1. 1. 1. 0. 1. 0. 0. 0. 1. 1. 1. 0. 1. 1. 0. 1. 0. 0. 1. 0. 0. 0. 1. 0.
 0. 0. 1. 1. 0. 0. 0.]","[1. 0. 0. 0. 1. 1. 1. 1. 1. 1. 0. 0. 1. 1. 1. 1. 0. 1. 0. 0. 1. 0. 0. 0.
 0. 0. 0. 0. 0. 0. 0.]","[1. 1. 1. 0. 1. 1. 1. 0. 1. 1. 0. 0. 1. 1. 0. 1. 0. 0. 1. 0. 1. 0. 0. 0.
 0. 1. 0. 1. 0. 0. 0.]","[1. 0. 0. 0. 1. 1. 0. 0. 1. 1. 0. 0. 1. 0. 0. 0. 0. 0. 1. 0. 1. 0. 0. 0.
 0. 0. 1. 0. 0. 0. 0.]","[1. 0. 1. 0. 0. 0. 0. 1. 0. 1. 1. 0. 1. 1. 0. 0. 0. 0. 0. 0. 1. 0. 0. 1.
 0. 1. 0. 1. 0. 0. 0.]","[1. 1. 0. 0. 0. 1. 0. 1. 1. 1. 0. 0. 1. 0. 1. 1. 0. 1. 1. 0. 1. 0. 0. 0.
 0. 1. 0. 0. 0. 0. 1.]","[1. 1. 0. 0. 1. 0. 0. 1. 0. 1. 0. 0. 1. 0. 1. 1. 0. 1. 1. 0. 1. 0. 0. 0.
 0. 1. 0. 1. 0. 0. 1.]","[1. 1. 1. 1. 0. 1. 0. 0. 1. 1. 0. 0. 1. 1. 1. 1. 0. 0. 1. 0. 1. 0. 0. 0.
 0. 0. 1. 1. 0. 0. 0.]","[1. 0. 0. 0. 1. 0. 0. 1. 0. 1. 0. 0. 1. 1. 0. 0. 0. 1. 1. 0. 0. 0. 1. 0.
 0. 0. 0. 0. 1. 0. 0.]","[1. 0. 1. 0. 1. 0. 0. 1. 1. 1. 1. 0. 1. 0. 1. 1. 0. 1. 0. 0. 1. 0. 0. 0.
 0. 1. 0. 0. 0. 0. 1.]","[1. 0. 1. 0. 1. 1. 1. 1. 1. 1. 1. 0. 1. 1. 0. 1. 0. 1. 1. 0. 0. 0. 1. 0.
 0. 0. 0. 0. 0. 0. 0.]","[1. 0. 1. 1. 0. 1. 0. 1. 0. 0. 0. 1. 1. 0. 0. 0. 0. 1. 1. 0. 0. 1. 0. 0.
 1. 1. 0. 0. 0. 0. 0.]","[1. 0. 0. 1. 1. 1. 0. 1. 1. 1. 0. 0. 1. 0. 1. 1. 0. 1. 1. 0. 1. 0. 0. 0.
 0. 0. 0. 1. 0. 1. 0.]","[1. 0. 0. 0. 0. 1. 0. 0. 0. 1. 0. 0. 1. 0. 0. 0. 0. 0. 0. 0. 0. 0. 1. 0.
 0. 0. 0. 1. 1. 0. 0.]","[1. 1. 1. 0. 1. 0. 0. 1. 1. 1. 0. 0. 1. 0. 1. 1. 0. 1. 1. 0. 1. 0. 0. 0.
 0. 0. 0. 0. 0. 0. 1.]","[1. 0. 1. 0. 1. 1. 1. 1. 0. 1. 1. 0. 1. 0. 1. 1. 0. 0. 1. 0. 1. 0. 0. 0.
 0. 1. 0. 1. 0. 0. 0.]","[1. 1. 1. 0. 1. 1. 1. 0. 1. 0. 0. 1. 1. 1. 1. 1. 0. 1. 1. 0. 1. 0. 0. 0.
 0. 0. 0. 0. 0. 0. 0.]","[1. 1. 1. 0. 1. 1. 0. 1. 1. 1. 0. 0. 1. 1. 0. 1. 1. 1. 0. 0. 0. 0. 1. 0.
 0. 1. 0. 0. 0. 0. 0.]","[1. 1. 1. 0. 0. 1. 0. 1. 1. 1. 0. 0. 1. 0. 1. 1. 0. 1. 1. 0. 1. 0. 0. 0.
 0. 0. 0. 0. 0. 0. 1.]","[1. 1. 1. 0. 0. 1. 0. 1. 0. 1. 0. 0. 1. 1. 1. 1. 0. 1. 1. 0. 1. 0. 0. 0.
 0. 0. 0. 0. 0. 0. 1.]","[1. 1. 0. 0. 0. 1. 0. 0. 1. 1. 1. 0. 1. 0. 1. 0. 0. 1. 1. 0. 0. 0. 1. 0.
 0. 1. 0. 1. 1. 0. 0.]","[1. 1. 1. 0. 1. 1. 1. 0. 0. 1. 1. 0. 1. 1. 1. 1. 0. 0. 0. 0. 1. 0. 0. 0.
 0. 1. 0. 1. 0. 0. 0.]","[1. 1. 0. 0. 1. 1. 0. 1. 0. 1. 1. 0. 1. 0. 1. 1. 0. 1. 1. 0. 1. 0. 0. 0.
 0. 0. 0. 0. 0. 0. 1.]","[1. 1. 0. 0. 1. 1. 0. 1. 1. 1. 0. 0. 1. 0. 0. 1. 0. 1. 0. 0. 1. 0. 0. 0.
 0. 1. 0. 1. 0. 0. 1.]","[1. 1. 0. 0. 1. 1. 0. 1. 1. 0. 1. 1. 1. 1. 1. 1. 1. 0. 1. 0. 1. 0. 0. 0.
 0. 0. 0. 0. 0. 0. 0.]","[1. 1. 1. 0. 0. 1. 0. 1. 1. 1. 1. 0. 1. 0. 0. 1. 0. 1. 0. 0. 1. 0. 0. 0.
 0. 0. 0. 1. 0. 0. 1.]","[1. 1. 1. 0. 1. 0. 0. 1. 1. 1. 0. 0. 1. 0. 0. 1. 0. 1. 1. 0. 1. 0. 0. 0.
 0. 0. 0. 1. 0. 0. 1.]","[1. 1. 1. 0. 1. 1. 1. 1. 1. 1. 0. 0. 1. 0. 1. 1. 0. 1. 0. 0. 1. 0. 0. 0.
 0. 0. 0. 1. 0. 0. 0.]","[1. 1. 0. 0. 1. 0. 0. 1. 0. 1. 1. 0. 1. 0. 0. 0. 0. 0. 0. 0. 1. 0. 0. 0.
 0. 0. 1. 0. 0. 0. 0.]","[1. 1. 1. 1. 1. 1. 0. 1. 1. 1. 0. 0. 1. 0. 0. 1. 1. 0. 0. 0. 1. 0. 0. 0.
 0. 1. 0. 1. 0. 0. 0.]","[1. 1. 1. 0. 1. 1. 0. 1. 1. 1. 0. 0. 1. 0. 0. 1. 0. 1. 1. 0. 1. 0. 0. 0.
 0. 0. 0. 0. 0. 0. 1.]","[1. 1. 1. 0. 1. 1. 0. 1. 1. 1. 0. 0. 1. 0. 0. 1. 0. 1. 0. 0. 1. 0. 0. 0.
 0. 1. 0. 0. 0. 0. 1.]","[1. 1. 1. 0. 0. 0. 0. 1. 0. 1. 0. 0. 1. 0. 0. 0. 0. 0. 1. 0. 0. 1. 0. 0.
 0. 0. 1. 1. 0. 0. 0.]","[1. 1. 1. 0. 1. 1. 1. 0. 1. 1. 0. 0. 1. 1. 0. 1. 0. 0. 1. 0. 1. 0. 0. 0.
 0. 1. 0. 1. 0. 0. 0.]","[1. 1. 1. 0. 1. 1. 1. 0. 0. 1. 1. 0. 1. 1. 1. 1. 0. 0. 0. 0. 1. 0. 0. 0.
 0. 1. 0. 1. 0. 0. 0.]","[1. 1. 1. 0. 1. 1. 1. 0. 1. 0. 0. 1. 1. 1. 1. 1. 0. 1. 1. 0. 1. 0. 0. 0.
 0. 0. 0. 0. 0. 0. 0.]","[1. 1. 1. 0. 0. 1. 0. 1. 1. 1. 0. 0. 1. 0. 0. 1. 0. 1. 0. 0. 1. 0. 0. 0.
 0. 1. 0. 1. 0. 0. 1.]","[1. 1. 0. 0. 1. 0. 0. 1. 1. 0. 0. 1. 1. 1. 1. 0. 0. 1. 0. 0. 0. 1. 0. 0.
 0. 0. 0. 1. 0. 0. 1.]","[1. 1. 1. 0. 1. 0. 0. 1. 0. 1. 0. 0. 1. 0. 1. 1. 0. 1. 1. 0. 1. 0. 0. 0.
 0. 1. 0. 0. 0. 0. 1.]","[1. 1. 0. 0. 1. 0. 0. 1. 1. 1. 0. 0. 1. 0. 1. 1. 0. 1. 1. 0. 1. 0. 0. 0.
 0. 1. 0. 0. 0. 0. 1.]","[1. 1. 1. 0. 1. 0. 0. 1. 0. 1. 1. 0. 1. 0. 0. 1. 0. 1. 0. 0. 1. 0. 0. 0.
 0. 1. 0. 1. 0. 0. 1.]","[1. 1. 0. 1. 1. 1. 1. 1. 1. 1. 1. 0. 1. 1. 0. 1. 0. 0. 1. 0. 0. 0. 1. 0.
 0. 0. 0. 0. 0. 0. 0.]","[1. 0. 0. 0. 1. 1. 0. 0. 1. 1. 0. 0. 1. 0. 0. 0. 0. 1. 0. 0. 1. 0. 0. 0.
 0. 0. 1. 0. 0. 0. 0.]","[1. 1. 1. 0. 1. 0. 0. 1. 1. 1. 0. 0. 1. 1. 0. 1. 0. 1. 0. 0. 1. 0. 0. 0.
 0. 0. 0. 1. 0. 0. 1.]","[1. 0. 1. 1. 1. 1. 1. 1. 1. 1. 1. 0. 1. 0. 0. 1. 0. 1. 0. 0. 1. 0. 0. 0.
 0. 0. 0. 1. 0. 0. 0.]","[1. 0. 1. 1. 1. 1. 0. 1. 1. 1. 0. 0. 1. 0. 1. 1. 0. 1. 1. 0. 1. 0. 0. 0.
 0. 0. 0. 0. 0. 0. 1.]","[1. 1. 1. 0. 1. 0. 0. 1. 0. 1. 0. 0. 1. 0. 0. 1. 0. 1. 1. 0. 1. 0. 0. 0.
 0. 1. 0. 1. 0. 0. 1.]","[1. 1. 0. 1. 1. 1. 0. 0. 1. 1. 1. 0. 1. 1. 0. 1. 0. 0. 1. 0. 0. 0. 1. 0.
 0. 1. 0. 0. 0. 1. 0.]","[1. 1. 1. 0. 0. 1. 0. 1. 0. 1. 0. 0. 1. 0. 1. 1. 0. 1. 1. 0. 1. 0. 0. 0.
 0. 1. 0. 0. 0. 0. 1.]","[1. 0. 0. 0. 1. 1. 0. 1. 0. 1. 0. 0. 1. 0. 0. 0. 0. 0. 1. 0. 1. 0. 0. 0.
 0. 0. 1. 0. 0. 0. 0.]","[1. 1. 1. 0. 0. 1. 0. 1. 0. 1. 0. 0. 1. 0. 1. 1. 0. 1. 1. 0. 1. 0. 0. 0.
 0. 1. 0. 0. 0. 0. 1.]","[1. 1. 0. 0. 1. 1. 0. 1. 1. 1. 0. 0. 1. 0. 0. 1. 0. 1. 0. 0. 1. 0. 0. 0.
 0. 1. 0. 1. 0. 0. 1.]","[1. 1. 0. 1. 1. 1. 1. 1. 0. 0. 1. 1. 1. 1. 0. 1. 0. 0. 1. 0. 0. 1. 0. 0.
 0. 0. 0. 1. 0. 0. 0.]","[1. 1. 1. 0. 1. 0. 0. 1. 1. 1. 1. 0. 1. 0. 0. 1. 0. 1. 1. 0. 1. 0. 0. 0.
 0. 0. 0. 0. 0. 0. 1.]","[1. 1. 1. 0. 1. 1. 0. 0. 0. 1. 0. 0. 1. 1. 1. 1. 0. 0. 1. 0. 0. 0. 1. 0.
 0. 1. 0. 1. 0. 0. 1.]","[1. 1. 1. 0. 1. 1. 0. 1. 0. 0. 1. 1. 1. 0. 0. 1. 0. 1. 1. 0. 1. 0. 0. 0.
 0. 0. 1. 1. 0. 0. 0.]","[1. 1. 1. 1. 0. 1. 0. 0. 1. 1. 1. 0. 1. 0. 1. 1. 0. 0. 1. 0. 1. 0. 0. 1.
 0. 0. 0. 1. 0. 0. 0.]","[1. 1. 1. 1. 0. 1. 0. 0. 1. 1. 0. 0. 1. 1. 1. 1. 0. 0. 1. 0. 0. 0. 1. 0.
 0. 0. 1. 1. 0. 0. 0.]","[1. 1. 1. 0. 1. 0. 0. 1. 1. 1. 1. 0. 1. 0. 0. 1. 0. 1. 1. 0. 1. 0. 0. 0.
 0. 0. 0. 0. 0. 0. 1.]","[1. 0. 1. 1. 1. 1. 0. 0. 0. 1. 0. 0. 1. 0. 0. 0. 0. 1. 1. 0. 1. 0. 0. 0.
 1. 1. 0. 0. 0. 0. 0.]","[1. 0. 0. 1. 1. 1. 0. 1. 1. 1. 1. 0. 1. 1. 0. 0. 0. 1. 0. 0. 1. 0. 0. 0.
 0. 0. 0. 1. 0. 1. 0.]","[1. 1. 0. 0. 1. 0. 0. 1. 1. 1. 1. 0. 1. 0. 0. 0. 0. 0. 0. 0. 1. 0. 0. 1.
 0. 0. 0. 1. 0. 0. 0.]","[1. 0. 1. 1. 0. 1. 0. 0. 1. 1. 0. 0. 1. 0. 0. 0. 0. 1. 1. 0. 1. 0. 0. 0.
 1. 1. 0. 0. 0. 0. 0.]","[1. 1. 1. 0. 1. 1. 0. 1. 1. 1. 0. 0. 1. 0. 0. 1. 0. 1. 1. 0. 1. 0. 0. 0.
 0. 0. 0. 0. 0. 0. 1.]","[1. 0. 0. 1. 0. 1. 1. 1. 0. 0. 1. 1. 1. 1. 1. 1. 0. 1. 0. 0. 1. 0. 0. 0.
 0. 1. 0. 1. 0. 0. 0.]","[1. 1. 0. 0. 1. 1. 0. 1. 1. 1. 0. 0. 1. 1. 0. 1. 0. 1. 0. 0. 1. 0. 0. 0.
 0. 1. 0. 0. 0. 0. 1.]","[1. 1. 1. 0. 0. 0. 0. 1. 1. 1. 1. 0. 1. 0. 1. 1. 0. 1. 1. 0. 1. 0. 0. 0.
 0. 0. 0. 0. 0. 0. 1.]","[1. 0. 1. 1. 1. 1. 0. 1. 1. 1. 0. 0. 1. 0. 1. 1. 0. 1. 1. 0. 1. 0. 0. 0.
 0. 0. 0. 0. 0. 0. 1.]","[1. 1. 1. 0. 1. 0. 0. 0. 1. 1. 1. 0. 1. 1. 0. 1. 0. 0. 1. 0. 0. 0. 1. 0.
 0. 0. 1. 1. 0. 0. 0.]","[1. 1. 1. 0. 1. 1. 1. 1. 1. 1. 0. 0. 1. 0. 1. 1. 0. 0. 1. 0. 0. 0. 1. 0.
 0. 1. 0. 0. 0. 0. 0.]","[1. 1. 1. 0. 1. 1. 0. 0. 0. 1. 0. 0. 1. 1. 1. 1. 0. 0. 1. 0. 0. 0. 1. 0.
 0. 1. 0. 1. 0. 0. 1.]","[1. 0. 0. 1. 0. 1. 0. 1. 1. 1. 0. 0. 1. 0. 0. 0. 0. 1. 1. 0. 0. 1. 0. 0.
 0. 0. 1. 0. 0. 0. 0.]","[1. 1. 1. 1. 1. 1. 1. 0. 0. 1. 0. 0. 1. 1. 0. 1. 0. 1. 1. 0. 1. 0. 0. 0.
 0. 0. 0. 1. 0. 0. 0.]","[1. 1. 1. 1. 1. 1. 0. 1. 1. 1. 0. 0. 1. 0. 0. 1. 0. 1. 0. 0. 0. 0. 1. 0.
 1. 1. 0. 0. 0. 0. 0.]","[1. 1. 0. 0. 1. 0. 0. 1. 1. 1. 1. 0. 1. 0. 0. 1. 0. 1. 1. 0. 1. 0. 0. 0.
 0. 1. 0. 0. 0. 0. 1.]","[1. 0. 1. 0. 1. 0. 0. 1. 1. 1. 0. 0. 1. 1. 1. 1. 0. 1. 0. 0. 1. 0. 0. 0.
 0. 1. 0. 0. 0. 0. 1.]","[1. 0. 1. 1. 0. 1. 1. 0. 1. 1. 1. 0. 1. 0. 1. 1. 0. 0. 1. 0. 1. 0. 0. 0.
 0. 1. 0. 1. 0. 0. 0.]","[1. 1. 1. 0. 1. 1. 0. 1. 0. 1. 0. 0. 1. 0. 1. 1. 0. 1. 0. 0. 1. 0. 0. 0.
 0. 1. 0. 0. 0. 0. 1.]","[1. 0. 0. 0. 1. 1. 0. 1. 1. 1. 1. 0. 1. 0. 1. 1. 0. 0. 1. 0. 0. 0. 1. 1.
 0. 0. 0. 0. 0. 0. 0.]","[1. 1. 0. 0. 1. 1. 0. 1. 1. 1. 0. 0. 1. 0. 0. 1. 0. 1. 0. 0. 1. 0. 0. 0.
 0. 1. 0. 1. 0. 0. 1.]","[1. 1. 1. 0. 1. 0. 0. 1. 0. 1. 0. 0. 1. 0. 1. 1. 0. 1. 1. 0. 1. 0. 0. 0.
 0. 1. 0. 0. 0. 0. 1.]","[1. 1. 1. 0. 0. 1. 1. 1. 1. 0. 0. 1. 1. 1. 0. 1. 0. 0. 1. 0. 1. 0. 0. 0.
 0. 1. 0. 1. 0. 0. 0.]","[1. 1. 1. 0. 1. 0. 0. 1. 1. 0. 1. 1. 1. 0. 1. 1. 0. 0. 0. 0. 0. 0. 1. 0.
 0. 1. 0. 0. 0. 0. 1.]","[1. 1. 1. 0. 1. 0. 0. 1. 0. 1. 0. 0. 1. 1. 0. 1. 0. 1. 1. 0. 1. 0. 0. 0.
 0. 1. 0. 0. 0. 0. 1.]","[1. 1. 1. 0. 1. 1. 0. 1. 1. 1. 0. 0. 1. 0. 0. 1. 0. 1. 1. 0. 1. 0. 0. 0.
 0. 0. 0. 1. 0. 1. 0.]","[1. 0. 1. 1. 1. 1. 0. 0. 0. 0. 1. 0. 1. 0. 1. 1. 0. 1. 0. 1. 0. 0. 1. 0.
 0. 1. 0. 1. 0. 0. 1.]","[1. 1. 1. 1. 0. 1. 0. 0. 1. 0. 1. 1. 1. 0. 1. 1. 0. 0. 1. 0. 0. 0. 1. 0.
 0. 0. 1. 1. 0. 0. 0.]","[1. 0. 0. 0. 1. 1. 1. 0. 0. 1. 0. 0. 1. 0. 0. 1. 0. 0. 0. 0. 0. 0. 1. 0.
 0. 0. 0. 0. 0. 0. 0.]","[1. 1. 1. 0. 0. 0. 0. 1. 0. 1. 0. 0. 1. 0. 1. 1. 0. 1. 1. 0. 1. 0. 0. 0.
 0. 1. 0. 1. 0. 0. 1.]","[1. 0. 0. 0. 1. 0. 0. 1. 1. 1. 0. 0. 1. 1. 0. 0. 0. 0. 0. 0. 1. 0. 0. 1.
 0. 1. 0. 1. 0. 0. 0.]","[1. 1. 1. 1. 1. 1. 0. 0. 0. 0. 0. 1. 1. 0. 0. 1. 1. 1. 1. 0. 0. 1. 0. 0.
 0. 1. 0. 1. 0. 0. 0.]","[1. 0. 0. 0. 1. 0. 0. 0. 1. 1. 0. 0. 1. 0. 0. 0. 0. 0. 0. 0. 1. 0. 0. 0.
 0. 0. 1. 0. 0. 0. 0.]","[1. 1. 1. 0. 1. 0. 0. 1. 1. 1. 0. 0. 1. 0. 1. 1. 0. 1. 1. 0. 1. 0. 0. 0.
 0. 0. 0. 0. 0. 0. 1.]","[1. 1. 1. 0. 1. 0. 0. 1. 1. 1. 0. 0. 1. 0. 0. 1. 0. 1. 0. 0. 1. 0. 0. 0.
 0. 1. 0. 1. 0. 0. 1.]","[1. 1. 1. 1. 0. 1. 1. 1. 1. 0. 1. 1. 1. 1. 0. 1. 0. 0. 0. 0. 0. 0. 1. 0.
 0. 0. 0. 1. 0. 0. 0.]","[1. 1. 0. 0. 0. 1. 1. 0. 1. 1. 1. 0. 1. 1. 1. 1. 0. 1. 1. 0. 0. 0. 1. 0.
 0. 1. 0. 0. 0. 0. 0.]","[1. 0. 0. 0. 1. 0. 0. 0. 1. 1. 0. 0. 1. 0. 0. 0. 0. 0. 0. 0. 1. 0. 0. 0.
 0. 0. 1. 0. 0. 0. 0.]","[1. 1. 1. 0. 1. 1. 0. 1. 1. 1. 0. 0. 1. 1. 0. 1. 1. 1. 0. 0. 0. 0. 1. 0.
 0. 1. 0. 0. 0. 0. 0.]","[1. 1. 1. 0. 0. 1. 1. 1. 1. 0. 0. 1. 1. 1. 0. 1. 0. 0. 1. 0. 1. 0. 0. 0.
 0. 1. 0. 1. 0. 0. 0.]","[1. 1. 0. 0. 1. 1. 0. 1. 0. 1. 0. 0. 1. 1. 0. 1. 0. 1. 0. 0. 1. 0. 0. 0.
 0. 1. 0. 1. 0. 0. 1.]","[1. 0. 0. 0. 1. 1. 0. 1. 0. 1. 0. 0. 1. 0. 0. 0. 0. 0. 1. 0. 1. 0. 0. 0.
 0. 0. 1. 0. 0. 0. 0.]","[1. 1. 1. 0. 0. 1. 0. 1. 0. 1. 0. 0. 1. 0. 1. 1. 0. 1. 0. 0. 1. 0. 0. 0.
 0. 1. 0. 1. 0. 0. 1.]","[1. 0. 0. 1. 1. 1. 0. 0. 0. 1. 1. 0. 1. 0. 1. 1. 1. 1. 1. 0. 1. 0. 0. 0.
 0. 1. 0. 1. 0. 0. 0.]","[1. 1. 0. 0. 1. 0. 0. 1. 1. 1. 0. 0. 1. 0. 1. 1. 0. 1. 1. 0. 1. 0. 0. 0.
 0. 1. 0. 0. 0. 0. 1.]","[1. 0. 1. 0. 1. 1. 1. 1. 0. 1. 1. 0. 1. 0. 1. 1. 0. 0. 1. 0. 1. 0. 0. 0.
 0. 1. 0. 1. 0. 0. 0.]","[1. 0. 0. 0. 0. 0. 0. 1. 1. 1. 0. 0. 1. 0. 1. 0. 1. 0. 1. 0. 1. 0. 0. 0.
 0. 0. 0. 1. 0. 0. 0.]","[1. 1. 0. 0. 0. 0. 0. 1. 1. 1. 0. 0. 1. 0. 1. 1. 0. 1. 1. 0. 1. 0. 0. 0.
 0. 1. 0. 1. 0. 0. 1.]","[1. 1. 1. 0. 1. 1. 0. 1. 1. 1. 1. 0. 1. 0. 0. 1. 0. 1. 0. 0. 1. 0. 0. 0.
 0. 0. 0. 1. 0. 0. 1.]","[1. 1. 1. 0. 1. 0. 0. 1. 1. 1. 0. 0. 1. 1. 0. 1. 0. 1. 0. 0. 1. 0. 0. 0.
 0. 0. 0. 1. 0. 0. 1.]","[1. 1. 0. 0. 0. 1. 0. 1. 1. 1. 1. 0. 1. 0. 0. 1. 0. 1. 1. 0. 1. 0. 0. 0.
 0. 1. 0. 0. 0. 0. 1.]","[1. 1. 0. 0. 0. 0. 0. 1. 1. 1. 0. 0. 1. 0. 0. 0. 0. 0. 1. 0. 0. 1. 0. 0.
 0. 0. 0. 1. 0. 0. 1.]","[1. 1. 1. 1. 0. 1. 0. 0. 0. 1. 1. 0. 1. 0. 0. 0. 1. 1. 1. 0. 0. 0. 1. 0.
 0. 1. 0. 1. 0. 0. 0.]","[1. 1. 0. 1. 1. 0. 0. 0. 0. 0. 0. 1. 1. 1. 1. 1. 0. 1. 0. 0. 1. 0. 0. 0.
 0. 1. 0. 1. 0. 0. 1.]","[1. 0. 1. 1. 0. 1. 1. 0. 1. 1. 1. 0. 1. 0. 1. 1. 0. 0. 1. 0. 1. 0. 0. 0.
 0. 1. 0. 1. 0. 0. 0.]","[1. 0. 1. 0. 1. 1. 1. 1. 1. 0. 0. 1. 1. 0. 0. 1. 0. 1. 1. 0. 1. 0. 0. 0.
 0. 1. 0. 1. 0. 0. 0.]","[1. 1. 1. 0. 1. 0. 0. 1. 0. 1. 0. 0. 1. 0. 0. 1. 0. 1. 1. 0. 1. 0. 0. 0.
 0. 1. 0. 1. 0. 0. 1.]","[1. 1. 1. 0. 0. 1. 0. 1. 1. 1. 0. 0. 1. 0. 0. 1. 0. 1. 1. 0. 1. 0. 0. 0.
 0. 1. 0. 0. 0. 0. 1.]","[1. 0. 0. 0. 1. 0. 0. 0. 1. 1. 1. 0. 1. 0. 0. 0. 0. 1. 1. 0. 0. 0. 1. 0.
 0. 0. 0. 0. 1. 0. 0.]","[1. 0. 1. 1. 1. 1. 0. 0. 0. 1. 0. 0. 1. 0. 0. 0. 0. 1. 1. 0. 1. 0. 0. 0.
 1. 1. 0. 0. 0. 0. 0.]","[1. 0. 1. 0. 1. 0. 0. 1. 1. 1. 1. 0. 1. 0. 0. 0. 0. 0. 0. 0. 1. 0. 0. 1.
 0. 0. 0. 1. 0. 0. 0.]","[1. 1. 0. 0. 1. 1. 1. 1. 1. 0. 0. 1. 1. 1. 0. 1. 0. 1. 0. 0. 1. 0. 0. 0.
 0. 0. 0. 0. 0. 0. 0.]","[1. 1. 0. 1. 0. 1. 1. 1. 1. 0. 1. 1. 1. 0. 0. 1. 0. 1. 1. 0. 1. 0. 0. 0.
 0. 0. 0. 1. 0. 0. 0.]","[1. 1. 1. 0. 1. 0. 0. 1. 1. 1. 0. 0. 1. 0. 0. 0. 0. 0. 0. 0. 1. 0. 0. 1.
 0. 0. 0. 1. 0. 0. 0.]","[1. 1. 1. 1. 1. 0. 0. 0. 1. 0. 0. 1. 1. 0. 1. 1. 1. 1. 1. 0. 0. 1. 0. 0.
 0. 0. 0. 0. 0. 0. 0.]","[1. 1. 1. 1. 1. 1. 1. 1. 0. 0. 0. 1. 1. 0. 1. 1. 0. 1. 1. 0. 0. 0. 1. 0.
 0. 0. 0. 0. 0. 0. 0.]","[1. 0. 1. 1. 1. 1. 0. 1. 1. 1. 0. 0. 1. 0. 1. 1. 0. 1. 1. 0. 1. 0. 0. 0.
 0. 0. 0. 0. 0. 0. 1.]","[1. 1. 1. 0. 1. 1. 0. 1. 0. 0. 0. 1. 1. 0. 1. 1. 0. 1. 1. 0. 1. 0. 0. 0.
 0. 0. 0. 1. 0. 1. 0.]","[1. 1. 1. 0. 1. 1. 0. 1. 1. 1. 1. 0. 1. 0. 1. 1. 0. 0. 1. 0. 1. 0. 0. 0.
 0. 0. 0. 0. 0. 0. 1.]","[1. 0. 0. 0. 0. 1. 0. 1. 0. 0. 0. 1. 1. 0. 0. 0. 0. 0. 1. 0. 1. 0. 0. 0.
 0. 0. 0. 0. 0. 1. 0.]","[1. 1. 1. 0. 1. 1. 0. 1. 0. 1. 1. 0. 1. 1. 1. 0. 1. 0. 0. 0. 0. 0. 1. 0.
 0. 1. 0. 0. 0. 0. 0.]","[1. 1. 0. 0. 0. 1. 1. 1. 1. 0. 0. 1. 1. 1. 1. 0. 0. 0. 1. 0. 1. 0. 0. 0.
 0. 1. 0. 1. 0. 0. 0.]","[1. 1. 0. 0. 0. 1. 0. 1. 1. 1. 0. 0. 1. 0. 1. 1. 0. 1. 1. 0. 1. 0. 0. 0.
 0. 1. 0. 1. 0. 1. 0.]","[1. 0. 1. 1. 1. 1. 0. 0. 0. 1. 0. 0. 1. 0. 0. 0. 0. 1. 1. 0. 1. 0. 0. 0.
 1. 1. 0. 0. 0. 0. 0.]","[1. 1. 1. 0. 1. 1. 1. 0. 1. 1. 0. 0. 1. 1. 0. 1. 0. 0. 1. 0. 1. 0. 0. 0.
 0. 1. 0. 1. 0. 0. 0.]","[1. 1. 1. 0. 0. 1. 0. 1. 0. 1. 1. 0. 1. 1. 1. 1. 0. 0. 0. 0. 0. 1. 0. 1.
 0. 1. 0. 1. 0. 0. 0.]","[1. 0. 0. 0. 1. 1. 0. 0. 1. 1. 1. 0. 1. 0. 1. 0. 0. 1. 1. 0. 0. 1. 0. 1.
 0. 0. 0. 1. 0. 0. 0.]"
384.718,28.522,11.234,51.232,385.236,369.55,60.43,82.926,254.916,369.71,19.454,28.542,21.304,31.434,105.73,49.164,44.468,95.008,69.702,493.882,23.896,997.298,23.872,118.42,24.632,21.78,54.558,67.316,52.136,43.376,26.648,45.328,104.09,54.042,66.696,51.07,64.328,74.256,37.414,36.308,28.27,27.168,22.408,23.202,41.86,23.898,918.268,29.992,36.76,8.578,41.21,23.628,26.648,29.188,45.868,30.948,30.46,3111.93,119.988,25.108,25.108,30.816,89.276,31.434,39.75,27.428,201.806,1976.068,45.306,34.72,34.702,26.47,111.706,24.608,71.846,21.524,122.008,17.582,37.026,52.898,122.008,23.898,202.536,25.186,40.428,23.202,37.15,57.336,75.348,23.702,36.45,98.926,205.932,74.644,16.592,129.878,96.872,469.916,1990.834,21.734,35.576,1667.732,47.072,1426.438,31.298,39.662,27.668,24.8,74.256,3084.696,74.562,40.428,44.128,35.118,39.558,58.142,36.462,35.034,29.426,1675.532,2111.172,29.966,40.63,57.336,54.616,56.54,71.846,17.428,95.008,24.8,31.298,49.9,28.886,34.702,83.572,1425.974,35.358,7.528,36.444,74.256,2111.172,45.254,37.026,46.43,32.37,56.034,27.428,25.386,182.164,45.042,47.696,62.444,21.292,45.266,36.45,30.642,168.414,71.846,56.034,2111.172,40.492,752.776,37.902,25.108,43.376,83.864,4.968,49.1,74.562,39.716,48.146,34.792,37.15,23.85,37.15,25.386,2310.772,41.46,49.654,1990.834,101.038,54.898,41.46,34.72,48.458,88.238,36.942,36.45,1604.072,24.312,41.144,39.716,54.616,70.19,49.654,93.136,70.338,43.614,28.27,37.3,69.768,29.426,92.652,25.386,37.902,3092.398,877.108,47.594,50.642,80.968,1657.47,99.342,46.698,93.616,2188.014,4.372,36.444,40.79,2664.836,65.322,4.372,45.254,3092.398,32.844,23.85,39.27,34.65,25.108,74.256,31.006,29.966,44.128,49.1,28.522,105.954,53.174,530.58,69.768,3111.93,48.146,36.462,23.242,34.72,100.202,1215.216,1667.732,95.01,1216.402,1889.786,39.716,2375.804,41.928,469.04,50.912,1675.532,33.032,34.72,71.846,341.498,290.398
200
