1,2,3,4,5,6,7,8,9,10,11,12,13,14,15,16,17,18,19,20,21,22,23,24,25,26,27,28,29,30,31,32,33,34,35,36,37,38,39,40,41,42,43,44,45,46,47,48,49,50,51,52,53,54,55,56,57,58,59,60,61,62,63,64,65,66,67,68,69,70,71,72,73,74,75,76,77,78,79,80,81,82,83,84,85,86,87,88,89,90,91,92,93,94,95,96,97,98,99,100,101,102,103,104,105,106,107,108,109,110,111,112,113,114,115,116,117,118,119,120,121,122,123,124,125,126,127,128,129,130,131,132,133,134,135,136,137,138,139,140,141,142,143,144,145,146,147,148,149,150,151,152,153,154,155,156,157,158,159,160,161,162,163,164,165,166,167,168,169,170,171,172,173,174,175,176,177,178,179,180,181,182,183,184,185,186,187,188,189,190,191,192,193,194,195,196,197,198,199,200,201,202,203,204,205,206,207,208,209,210,211,212,213,214,215,216,217,218,219,220,221,222,223,224,225,226,227,228,229,230,231,232,233,234,235,236,237,238,239,240,241,242,243,244,245,246,247,248,249,250,251
"[1. 0. 0. 0. 0. 0. 0. 0. 0. 0. 0. 1. 1. 0. 1. 0. 0. 0. 0. 0. 1. 0. 0. 0.
 0. 1. 0. 0. 0. 1. 0.]","[1. 1. 0. 0. 0. 1. 0. 1. 1. 1. 1. 0. 1. 0. 0. 1. 0. 1. 1. 0. 1. 0. 0. 0.
 0. 1. 0. 0. 0. 0. 1.]","[1. 0. 1. 0. 0. 0. 0. 0. 0. 1. 0. 0. 1. 0. 0. 0. 0. 0. 0. 0. 1. 0. 0. 0.
 0. 0. 1. 0. 0. 0. 0.]","[1. 1. 0. 1. 0. 1. 0. 1. 0. 1. 1. 0. 1. 1. 1. 1. 0. 1. 0. 0. 0. 0. 1. 0.
 0. 0. 0. 1. 0. 1. 0.]","[1. 1. 0. 1. 0. 0. 0. 0. 0. 0. 0. 1. 1. 0. 0. 0. 0. 0. 0. 0. 0. 0. 1. 0.
 0. 0. 0. 0. 0. 1. 0.]","[1. 0. 1. 1. 0. 0. 0. 1. 0. 1. 1. 0. 1. 1. 0. 0. 0. 1. 1. 0. 0. 1. 0. 1.
 0. 0. 0. 0. 0. 0. 0.]","[1. 0. 0. 0. 0. 0. 0. 1. 0. 1. 0. 0. 1. 0. 0. 0. 0. 0. 0. 0. 0. 1. 0. 0.
 0. 0. 0. 0. 0. 1. 0.]","[1. 1. 0. 0. 1. 0. 0. 1. 1. 1. 0. 0. 1. 0. 1. 1. 0. 1. 0. 0. 0. 1. 0. 0.
 0. 0. 0. 1. 0. 0. 1.]","[1. 0. 0. 1. 0. 1. 0. 0. 1. 0. 0. 1. 1. 0. 1. 0. 0. 1. 1. 0. 0. 1. 0. 0.
 0. 0. 1. 0. 0. 0. 0.]","[1. 0. 0. 0. 0. 0. 0. 0. 0. 0. 0. 1. 1. 0. 1. 0. 0. 0. 0. 0. 0. 0. 1. 0.
 0. 1. 0. 0. 0. 1. 0.]","[1. 0. 1. 0. 0. 0. 0. 0. 0. 1. 1. 0. 1. 0. 0. 0. 0. 0. 0. 0. 1. 0. 0. 0.
 0. 0. 1. 0. 0. 0. 0.]","[1. 0. 1. 0. 1. 0. 0. 0. 0. 0. 1. 0. 1. 0. 0. 0. 0. 0. 0. 1. 1. 0. 0. 0.
 0. 0. 1. 0. 0. 0. 0.]","[1. 0. 1. 0. 0. 0. 0. 0. 0. 1. 0. 0. 1. 0. 1. 0. 0. 0. 0. 0. 1. 0. 0. 0.
 0. 0. 0. 0. 0. 1. 0.]","[1. 0. 0. 0. 0. 0. 0. 0. 0. 1. 1. 0. 1. 0. 0. 0. 0. 0. 0. 0. 1. 0. 0. 0.
 0. 0. 0. 0. 1. 0. 0.]","[1. 1. 0. 1. 0. 0. 1. 0. 0. 1. 0. 0. 1. 0. 0. 0. 0. 0. 0. 0. 1. 0. 0. 0.
 0. 0. 0. 0. 0. 0. 0.]","[1. 1. 1. 1. 1. 0. 0. 1. 0. 1. 0. 0. 1. 1. 1. 0. 0. 0. 1. 0. 0. 1. 0. 0.
 0. 0. 0. 0. 1. 0. 0.]","[1. 0. 1. 0. 0. 0. 0. 0. 0. 1. 0. 0. 1. 0. 0. 1. 0. 0. 0. 0. 1. 0. 0. 0.
 0. 0. 0. 0. 0. 1. 0.]","[1. 0. 1. 0. 0. 0. 0. 0. 0. 1. 1. 0. 1. 0. 0. 0. 0. 0. 0. 0. 1. 0. 0. 0.
 0. 0. 0. 0. 0. 1. 0.]","[1. 0. 1. 0. 0. 0. 0. 1. 0. 1. 0. 0. 1. 1. 1. 0. 0. 0. 0. 0. 1. 0. 0. 1.
 0. 1. 0. 1. 0. 0. 0.]","[1. 0. 1. 0. 0. 0. 1. 0. 0. 1. 0. 0. 1. 0. 0. 0. 0. 0. 0. 0. 1. 0. 0. 0.
 0. 0. 0. 0. 0. 0. 0.]","[1. 0. 0. 0. 0. 0. 0. 0. 0. 0. 1. 0. 1. 0. 0. 0. 0. 0. 0. 1. 1. 0. 0. 0.
 0. 0. 0. 0. 0. 1. 0.]","[1. 1. 0. 0. 0. 0. 0. 0. 1. 0. 1. 0. 1. 1. 0. 0. 0. 0. 0. 1. 1. 0. 0. 0.
 0. 0. 1. 0. 0. 0. 0.]","[1. 0. 0. 0. 0. 0. 0. 0. 0. 0. 1. 0. 1. 1. 0. 0. 0. 0. 0. 1. 1. 0. 0. 0.
 0. 1. 1. 0. 0. 0. 0.]","[1. 1. 0. 0. 0. 0. 0. 1. 0. 1. 1. 0. 1. 0. 0. 0. 0. 0. 1. 0. 0. 1. 0. 1.
 0. 0. 0. 1. 0. 0. 0.]","[1. 0. 0. 0. 0. 0. 1. 1. 0. 1. 0. 0. 1. 0. 0. 0. 0. 0. 0. 0. 0. 0. 1. 0.
 0. 0. 0. 0. 0. 0. 0.]","[1. 0. 1. 0. 0. 0. 0. 0. 0. 1. 0. 0. 1. 1. 0. 0. 0. 0. 0. 0. 1. 0. 0. 0.
 0. 0. 1. 0. 0. 0. 0.]","[1. 1. 1. 0. 0. 0. 0. 1. 1. 1. 1. 0. 1. 1. 0. 1. 0. 1. 1. 0. 1. 0. 0. 0.
 0. 0. 0. 0. 0. 0. 1.]","[1. 0. 1. 1. 0. 0. 0. 0. 0. 1. 1. 0. 1. 1. 0. 0. 0. 1. 1. 0. 0. 1. 0. 1.
 0. 1. 0. 0. 0. 0. 0.]","[1. 0. 1. 1. 0. 0. 0. 0. 0. 1. 1. 0. 1. 1. 0. 0. 0. 1. 1. 0. 0. 1. 0. 1.
 0. 1. 0. 0. 0. 0. 0.]","[1. 0. 1. 0. 0. 0. 0. 0. 0. 1. 0. 0. 1. 1. 0. 0. 0. 0. 0. 0. 1. 0. 0. 0.
 0. 0. 0. 0. 0. 1. 0.]","[1. 0. 1. 0. 0. 0. 0. 0. 1. 1. 0. 0. 1. 0. 0. 0. 0. 0. 0. 0. 1. 0. 0. 0.
 0. 0. 0. 0. 0. 0. 1.]","[1. 0. 0. 1. 0. 1. 0. 0. 1. 1. 0. 0. 1. 0. 1. 0. 0. 0. 1. 0. 0. 1. 0. 0.
 0. 1. 0. 0. 0. 1. 0.]","[1. 1. 1. 1. 0. 0. 0. 0. 0. 1. 1. 0. 1. 1. 0. 0. 0. 1. 1. 0. 0. 1. 0. 1.
 0. 0. 0. 0. 0. 0. 0.]","[1. 1. 1. 0. 0. 0. 0. 0. 0. 0. 0. 0. 1. 0. 0. 1. 0. 0. 0. 1. 0. 1. 0. 0.
 0. 1. 0. 0. 0. 0. 1.]","[1. 0. 0. 0. 0. 1. 0. 0. 0. 1. 0. 0. 1. 0. 0. 0. 0. 0. 1. 0. 1. 0. 0. 0.
 0. 0. 0. 0. 0. 1. 0.]","[1. 0. 0. 0. 0. 0. 0. 0. 0. 1. 1. 0. 1. 1. 1. 0. 0. 1. 1. 0. 0. 0. 1. 0.
 0. 0. 0. 0. 1. 0. 0.]","[1. 0. 0. 0. 0. 0. 0. 0. 1. 0. 0. 0. 1. 0. 0. 0. 0. 0. 0. 1. 1. 0. 0. 0.
 0. 0. 0. 0. 0. 1. 0.]","[1. 0. 0. 0. 0. 0. 0. 0. 0. 1. 1. 0. 1. 0. 0. 0. 0. 0. 0. 0. 1. 0. 0. 1.
 0. 0. 0. 0. 0. 0. 0.]","[1. 0. 1. 0. 0. 0. 0. 0. 1. 0. 0. 0. 1. 0. 0. 0. 0. 0. 0. 1. 0. 0. 1. 0.
 0. 0. 0. 1. 1. 0. 0.]","[1. 0. 1. 0. 0. 0. 0. 0. 1. 1. 0. 0. 1. 0. 0. 0. 0. 0. 0. 0. 1. 0. 0. 0.
 0. 0. 0. 0. 0. 1. 0.]","[1. 0. 0. 0. 0. 0. 0. 0. 0. 0. 1. 0. 1. 0. 1. 0. 0. 0. 0. 1. 0. 0. 1. 0.
 0. 1. 1. 0. 0. 0. 0.]","[1. 0. 0. 0. 0. 0. 0. 1. 1. 1. 1. 0. 1. 0. 0. 0. 0. 0. 1. 0. 1. 0. 0. 0.
 0. 0. 0. 1. 1. 0. 0.]","[1. 0. 0. 0. 0. 0. 0. 1. 1. 1. 0. 0. 1. 0. 0. 0. 0. 1. 1. 0. 1. 0. 0. 0.
 0. 0. 1. 0. 0. 0. 0.]","[1. 0. 1. 1. 0. 0. 0. 0. 0. 1. 1. 0. 1. 0. 0. 1. 0. 1. 1. 0. 0. 1. 0. 0.
 0. 0. 0. 1. 0. 1. 0.]","[1. 1. 0. 0. 0. 0. 0. 0. 1. 0. 0. 1. 1. 0. 0. 0. 0. 0. 0. 0. 1. 0. 0. 0.
 0. 0. 1. 0. 0. 0. 0.]","[1. 1. 0. 0. 0. 1. 0. 0. 0. 1. 1. 0. 1. 0. 1. 0. 0. 0. 0. 0. 1. 0. 0. 0.
 0. 0. 1. 0. 0. 0. 0.]","[1. 0. 1. 0. 0. 0. 0. 1. 1. 0. 1. 1. 1. 1. 0. 0. 0. 0. 0. 0. 1. 0. 0. 1.
 0. 1. 0. 0. 0. 0. 0.]","[1. 1. 1. 0. 0. 1. 0. 1. 1. 1. 0. 0. 1. 0. 1. 1. 0. 1. 0. 0. 1. 0. 0. 0.
 0. 1. 0. 0. 0. 0. 1.]","[1. 0. 1. 0. 0. 0. 0. 0. 0. 0. 1. 0. 1. 1. 0. 0. 0. 0. 0. 1. 1. 0. 0. 0.
 0. 0. 1. 0. 0. 0. 0.]","[1. 0. 0. 0. 0. 0. 0. 1. 1. 1. 0. 0. 1. 1. 1. 0. 0. 0. 0. 0. 1. 0. 0. 0.
 0. 0. 0. 0. 0. 1. 0.]","[1. 1. 1. 0. 0. 0. 0. 1. 1. 1. 1. 0. 1. 1. 0. 1. 0. 1. 0. 0. 1. 0. 0. 0.
 0. 1. 0. 0. 0. 0. 1.]","[1. 1. 1. 0. 0. 1. 0. 1. 1. 1. 0. 0. 1. 1. 1. 1. 0. 1. 0. 0. 1. 0. 0. 0.
 0. 0. 0. 0. 0. 0. 1.]","[1. 1. 0. 0. 0. 1. 0. 0. 0. 0. 1. 1. 1. 1. 0. 0. 0. 0. 0. 0. 1. 0. 0. 0.
 0. 0. 1. 0. 0. 0. 0.]","[1. 0. 0. 0. 0. 0. 1. 0. 1. 0. 0. 1. 1. 0. 0. 1. 0. 0. 0. 0. 1. 0. 0. 0.
 0. 0. 0. 0. 0. 0. 0.]","[1. 0. 0. 0. 0. 0. 0. 1. 1. 1. 1. 0. 1. 1. 1. 0. 0. 0. 0. 0. 1. 0. 0. 1.
 0. 0. 0. 1. 0. 0. 0.]","[1. 0. 0. 0. 0. 1. 0. 0. 1. 1. 0. 0. 1. 1. 0. 0. 0. 1. 0. 0. 1. 0. 0. 0.
 0. 0. 1. 0. 0. 0. 0.]","[1. 0. 1. 0. 0. 0. 0. 1. 1. 1. 1. 0. 1. 0. 0. 0. 0. 0. 0. 0. 1. 0. 0. 1.
 0. 1. 0. 1. 0. 0. 0.]","[1. 1. 1. 0. 0. 0. 0. 1. 1. 0. 0. 1. 1. 0. 0. 0. 0. 0. 0. 0. 1. 0. 0. 1.
 0. 1. 0. 1. 0. 0. 0.]","[1. 0. 1. 0. 0. 0. 0. 0. 1. 0. 0. 0. 1. 1. 0. 0. 0. 0. 0. 1. 1. 0. 0. 0.
 0. 0. 1. 0. 0. 0. 0.]","[1. 1. 0. 0. 1. 1. 0. 0. 1. 0. 0. 0. 1. 1. 1. 0. 0. 1. 0. 1. 0. 1. 0. 0.
 0. 0. 0. 1. 0. 1. 0.]","[1. 1. 0. 0. 0. 1. 0. 0. 0. 0. 1. 1. 1. 0. 0. 0. 0. 0. 1. 0. 1. 0. 0. 0.
 0. 0. 1. 0. 0. 0. 0.]","[1. 1. 0. 0. 0. 0. 0. 0. 0. 0. 0. 0. 1. 0. 0. 0. 0. 0. 0. 1. 1. 0. 0. 1.
 0. 0. 0. 0. 0. 0. 0.]","[1. 0. 1. 0. 1. 0. 0. 0. 0. 0. 1. 0. 1. 1. 1. 0. 0. 0. 0. 1. 0. 0. 1. 0.
 0. 0. 0. 0. 1. 0. 0.]","[1. 1. 0. 0. 1. 0. 0. 0. 1. 0. 0. 0. 1. 0. 0. 0. 0. 0. 0. 1. 1. 0. 0. 0.
 0. 0. 1. 0. 0. 0. 0.]","[1. 1. 1. 0. 0. 0. 0. 0. 0. 0. 0. 1. 1. 0. 0. 0. 0. 0. 1. 0. 1. 0. 0. 0.
 0. 0. 0. 0. 0. 1. 0.]","[1. 1. 0. 0. 1. 1. 0. 0. 1. 0. 0. 0. 1. 1. 1. 0. 0. 1. 0. 1. 0. 1. 0. 0.
 0. 0. 0. 1. 0. 1. 0.]","[1. 0. 1. 0. 1. 0. 0. 0. 1. 0. 0. 0. 1. 0. 0. 0. 0. 0. 0. 1. 0. 0. 1. 0.
 1. 0. 0. 0. 0. 0. 0.]","[1. 1. 1. 0. 1. 1. 0. 1. 1. 1. 0. 0. 1. 1. 1. 0. 1. 0. 0. 0. 1. 0. 0. 0.
 0. 1. 0. 0. 0. 0. 0.]","[1. 1. 1. 0. 1. 1. 0. 0. 1. 1. 1. 0. 1. 1. 1. 0. 1. 0. 0. 0. 1. 0. 0. 0.
 0. 1. 0. 0. 0. 0. 0.]","[1. 0. 0. 0. 1. 0. 0. 0. 0. 0. 1. 0. 1. 0. 0. 0. 0. 0. 0. 1. 1. 0. 0. 0.
 0. 1. 1. 0. 0. 0. 0.]","[1. 1. 1. 0. 0. 0. 0. 1. 1. 0. 0. 1. 1. 0. 1. 0. 0. 0. 0. 0. 0. 0. 1. 1.
 0. 1. 0. 0. 0. 0. 0.]","[1. 1. 1. 0. 1. 1. 0. 0. 1. 0. 1. 0. 1. 1. 1. 0. 1. 0. 0. 1. 0. 0. 1. 0.
 0. 1. 0. 0. 0. 0. 0.]","[1. 1. 0. 1. 0. 1. 0. 0. 1. 0. 1. 1. 1. 0. 1. 1. 0. 0. 1. 0. 0. 1. 0. 0.
 0. 1. 0. 1. 0. 1. 0.]","[1. 0. 0. 0. 1. 0. 0. 0. 0. 0. 1. 0. 1. 0. 0. 0. 0. 0. 0. 1. 1. 0. 0. 0.
 0. 1. 1. 0. 0. 0. 0.]","[1. 0. 1. 1. 0. 1. 0. 0. 1. 0. 1. 0. 1. 1. 0. 0. 1. 1. 0. 1. 1. 0. 0. 0.
 0. 1. 0. 1. 0. 0. 0.]","[1. 0. 1. 1. 0. 1. 0. 0. 1. 0. 1. 0. 1. 1. 0. 0. 1. 1. 0. 1. 1. 0. 0. 0.
 0. 1. 0. 1. 0. 0. 0.]","[1. 1. 1. 0. 1. 1. 0. 0. 1. 0. 1. 0. 1. 1. 0. 1. 0. 1. 0. 1. 0. 1. 0. 0.
 0. 1. 1. 0. 0. 0. 0.]","[1. 1. 1. 0. 0. 0. 0. 0. 0. 0. 1. 0. 1. 0. 0. 0. 0. 0. 0. 1. 0. 1. 0. 0.
 0. 1. 0. 0. 0. 0. 1.]","[1. 0. 0. 0. 0. 0. 0. 0. 1. 0. 0. 1. 1. 0. 0. 0. 0. 0. 0. 0. 1. 0. 0. 0.
 0. 1. 1. 0. 0. 0. 0.]","[1. 1. 1. 0. 0. 0. 0. 1. 1. 0. 1. 1. 1. 0. 0. 0. 0. 0. 0. 0. 0. 0. 1. 1.
 0. 0. 0. 1. 0. 0. 0.]","[1. 1. 1. 0. 0. 0. 0. 1. 1. 1. 0. 0. 1. 0. 0. 0. 0. 0. 0. 0. 1. 0. 0. 1.
 0. 1. 0. 1. 0. 0. 0.]","[1. 0. 0. 0. 0. 0. 1. 0. 1. 1. 0. 0. 1. 0. 0. 0. 0. 0. 0. 0. 1. 0. 0. 0.
 0. 0. 0. 0. 0. 0. 0.]","[1. 1. 1. 0. 1. 0. 0. 0. 0. 0. 0. 0. 1. 0. 0. 0. 0. 0. 0. 1. 0. 0. 1. 0.
 0. 0. 1. 0. 0. 0. 0.]","[1. 0. 0. 0. 1. 1. 1. 0. 0. 1. 0. 0. 1. 0. 0. 1. 0. 0. 0. 0. 0. 0. 1. 0.
 0. 0. 0. 0. 0. 0. 0.]","[1. 0. 0. 0. 1. 0. 0. 0. 1. 0. 1. 0. 1. 0. 0. 0. 0. 0. 0. 1. 1. 0. 0. 0.
 0. 0. 1. 0. 0. 0. 0.]","[1. 1. 1. 0. 0. 0. 0. 1. 1. 0. 0. 1. 1. 0. 0. 0. 0. 0. 0. 0. 1. 0. 0. 1.
 0. 1. 0. 1. 0. 0. 0.]","[1. 0. 0. 0. 0. 0. 1. 0. 0. 0. 0. 0. 1. 0. 0. 1. 0. 1. 0. 1. 0. 0. 1. 0.
 0. 0. 0. 0. 0. 0. 0.]","[1. 1. 0. 0. 0. 0. 0. 0. 1. 0. 0. 0. 1. 0. 0. 0. 0. 0. 0. 1. 1. 0. 0. 0.
 0. 1. 1. 0. 0. 0. 0.]","[1. 1. 1. 0. 0. 0. 0. 1. 1. 1. 0. 0. 1. 0. 1. 1. 0. 1. 0. 0. 1. 0. 0. 0.
 0. 1. 0. 1. 0. 0. 1.]","[1. 1. 1. 0. 0. 1. 0. 1. 1. 1. 0. 0. 1. 0. 0. 1. 0. 1. 1. 0. 1. 0. 0. 0.
 0. 1. 0. 0. 0. 0. 1.]","[1. 1. 1. 0. 0. 0. 0. 1. 1. 1. 0. 0. 1. 0. 0. 1. 0. 1. 1. 0. 1. 0. 0. 0.
 0. 1. 0. 1. 0. 0. 1.]","[1. 1. 1. 1. 1. 1. 1. 1. 1. 1. 0. 0. 1. 0. 0. 1. 0. 0. 0. 0. 0. 1. 0. 0.
 0. 1. 0. 1. 0. 0. 0.]","[1. 0. 1. 0. 0. 0. 0. 0. 1. 0. 0. 0. 1. 0. 1. 0. 0. 0. 0. 1. 1. 0. 0. 0.
 0. 0. 1. 0. 0. 0. 0.]","[1. 1. 1. 1. 0. 1. 0. 0. 1. 0. 0. 0. 1. 1. 1. 1. 0. 0. 0. 1. 1. 0. 0. 0.
 0. 1. 0. 1. 0. 1. 0.]","[1. 0. 1. 1. 0. 1. 1. 1. 1. 1. 1. 0. 1. 1. 1. 1. 0. 0. 1. 0. 1. 0. 0. 0.
 0. 0. 0. 0. 0. 0. 0.]","[1. 0. 1. 0. 0. 0. 0. 0. 0. 0. 0. 0. 1. 0. 1. 0. 0. 0. 0. 1. 0. 1. 0. 0.
 0. 1. 0. 1. 0. 0. 1.]","[1. 1. 0. 0. 0. 0. 0. 1. 1. 1. 1. 0. 1. 0. 1. 1. 0. 1. 0. 0. 1. 0. 0. 0.
 0. 1. 0. 1. 0. 0. 1.]","[1. 1. 1. 0. 0. 0. 0. 0. 0. 0. 1. 0. 1. 0. 0. 0. 0. 0. 0. 1. 0. 1. 0. 0.
 0. 1. 0. 0. 0. 0. 1.]","[1. 0. 1. 0. 1. 0. 0. 1. 1. 1. 0. 0. 1. 1. 1. 1. 0. 1. 0. 0. 1. 0. 0. 0.
 0. 1. 0. 0. 0. 0. 1.]","[1. 1. 0. 0. 1. 0. 0. 0. 0. 0. 0. 1. 1. 0. 0. 0. 0. 0. 0. 0. 1. 0. 0. 0.
 1. 0. 0. 0. 0. 0. 0.]","[1. 1. 0. 0. 1. 0. 0. 0. 0. 0. 0. 1. 1. 0. 0. 0. 0. 0. 0. 0. 1. 0. 0. 0.
 1. 0. 0. 0. 0. 0. 0.]","[1. 1. 1. 0. 1. 1. 0. 0. 1. 0. 1. 0. 1. 1. 0. 1. 0. 1. 0. 1. 0. 1. 0. 0.
 0. 1. 1. 0. 0. 0. 0.]","[1. 0. 1. 0. 0. 0. 0. 0. 0. 0. 0. 0. 1. 0. 1. 1. 1. 0. 0. 1. 0. 1. 0. 0.
 0. 0. 0. 1. 0. 0. 0.]","[1. 1. 1. 0. 0. 0. 0. 1. 1. 1. 1. 0. 1. 0. 0. 1. 0. 1. 1. 0. 1. 0. 0. 0.
 0. 0. 0. 1. 0. 0. 1.]","[1. 0. 1. 0. 0. 0. 0. 0. 0. 1. 0. 0. 1. 1. 0. 0. 0. 0. 0. 0. 1. 0. 0. 0.
 0. 0. 0. 0. 0. 1. 0.]","[1. 1. 1. 1. 0. 1. 0. 0. 1. 0. 0. 1. 1. 0. 1. 1. 0. 0. 1. 0. 0. 1. 0. 0.
 0. 1. 0. 1. 0. 1. 0.]","[1. 1. 1. 0. 0. 1. 0. 0. 1. 1. 1. 0. 1. 1. 1. 1. 1. 1. 0. 0. 0. 0. 1. 0.
 0. 0. 0. 1. 0. 0. 0.]","[1. 1. 1. 0. 1. 0. 0. 1. 1. 1. 1. 0. 1. 0. 0. 1. 0. 1. 0. 0. 1. 0. 0. 0.
 0. 0. 0. 1. 0. 0. 1.]","[1. 0. 1. 1. 0. 1. 0. 0. 1. 0. 1. 0. 1. 1. 0. 0. 1. 1. 0. 1. 1. 0. 0. 0.
 0. 1. 0. 1. 0. 0. 0.]","[1. 0. 0. 0. 0. 0. 0. 0. 0. 0. 0. 0. 1. 0. 0. 0. 1. 0. 0. 1. 1. 0. 0. 0.
 0. 1. 0. 1. 0. 0. 0.]","[1. 1. 1. 0. 0. 0. 0. 0. 0. 0. 0. 0. 1. 0. 0. 1. 0. 0. 0. 1. 0. 1. 0. 0.
 0. 1. 0. 0. 0. 0. 1.]","[1. 1. 0. 0. 1. 1. 0. 1. 1. 0. 0. 1. 1. 0. 0. 1. 1. 1. 1. 0. 0. 0. 1. 0.
 0. 1. 0. 1. 0. 0. 0.]","[1. 1. 1. 1. 0. 1. 0. 0. 1. 0. 1. 0. 1. 0. 1. 1. 0. 0. 0. 1. 1. 0. 0. 0.
 0. 1. 0. 1. 1. 0. 0.]","[1. 1. 1. 0. 1. 1. 0. 0. 0. 0. 1. 0. 1. 1. 1. 1. 0. 0. 0. 1. 1. 0. 0. 0.
 0. 1. 0. 1. 0. 0. 1.]","[1. 1. 1. 0. 0. 0. 0. 0. 0. 0. 0. 0. 1. 0. 0. 1. 0. 0. 0. 1. 0. 1. 0. 0.
 0. 1. 0. 0. 0. 0. 1.]","[1. 1. 1. 1. 1. 1. 0. 0. 1. 0. 1. 0. 1. 1. 0. 1. 0. 0. 0. 1. 0. 1. 0. 0.
 0. 1. 0. 0. 0. 1. 0.]","[1. 1. 1. 0. 1. 1. 0. 0. 1. 1. 1. 0. 1. 1. 1. 0. 1. 0. 0. 0. 1. 0. 0. 0.
 0. 1. 0. 0. 0. 0. 0.]","[1. 1. 1. 0. 1. 1. 0. 0. 0. 0. 1. 0. 1. 1. 1. 1. 0. 0. 0. 1. 1. 0. 0. 0.
 0. 1. 0. 1. 0. 0. 1.]","[1. 1. 1. 1. 1. 1. 0. 0. 0. 0. 0. 1. 1. 1. 0. 1. 1. 1. 0. 0. 1. 0. 0. 0.
 0. 1. 0. 1. 0. 0. 0.]","[1. 1. 1. 0. 0. 1. 0. 1. 1. 1. 1. 0. 1. 0. 0. 1. 0. 1. 0. 0. 0. 0. 1. 0.
 0. 1. 1. 1. 0. 0. 0.]","[1. 0. 1. 1. 0. 1. 0. 0. 1. 0. 1. 0. 1. 1. 0. 0. 1. 1. 0. 1. 1. 0. 0. 0.
 0. 1. 0. 1. 0. 0. 0.]","[1. 0. 0. 1. 0. 0. 0. 0. 0. 0. 0. 0. 1. 0. 0. 0. 0. 1. 0. 1. 1. 0. 0. 0.
 0. 0. 0. 0. 1. 0. 0.]","[1. 1. 1. 0. 0. 1. 0. 0. 0. 0. 1. 1. 1. 1. 1. 1. 1. 0. 1. 0. 0. 1. 0. 0.
 0. 1. 0. 1. 0. 0. 0.]","[1. 1. 0. 0. 0. 1. 0. 0. 1. 1. 1. 0. 1. 0. 0. 0. 0. 0. 0. 0. 1. 0. 0. 0.
 0. 0. 1. 0. 0. 0. 0.]","[1. 1. 1. 1. 0. 1. 0. 0. 1. 1. 1. 0. 1. 0. 0. 1. 1. 1. 1. 0. 1. 0. 0. 0.
 0. 0. 0. 1. 0. 0. 0.]","[1. 0. 0. 0. 0. 0. 0. 0. 0. 0. 0. 0. 1. 0. 0. 0. 1. 0. 0. 1. 1. 0. 0. 0.
 0. 1. 0. 1. 0. 0. 0.]","[1. 1. 1. 0. 0. 0. 0. 1. 1. 0. 0. 1. 1. 0. 0. 0. 0. 0. 0. 0. 1. 0. 0. 1.
 0. 1. 0. 1. 0. 0. 0.]","[1. 1. 1. 1. 0. 1. 0. 1. 1. 1. 1. 0. 1. 0. 0. 0. 0. 1. 1. 0. 1. 0. 0. 0.
 0. 0. 0. 0. 0. 1. 0.]","[1. 0. 1. 0. 0. 0. 0. 0. 1. 0. 1. 0. 1. 0. 0. 0. 0. 0. 0. 1. 1. 0. 0. 0.
 0. 0. 1. 0. 0. 0. 0.]","[1. 0. 0. 0. 0. 0. 0. 0. 1. 0. 1. 0. 1. 0. 0. 0. 0. 0. 0. 1. 0. 0. 1. 0.
 0. 1. 1. 0. 0. 0. 0.]","[1. 1. 1. 0. 0. 1. 0. 1. 1. 1. 0. 0. 1. 0. 0. 1. 0. 1. 0. 0. 1. 0. 0. 0.
 0. 1. 0. 1. 0. 0. 1.]","[1. 0. 1. 0. 1. 0. 0. 0. 1. 0. 0. 1. 1. 0. 0. 0. 0. 0. 0. 0. 1. 0. 0. 0.
 0. 0. 1. 0. 0. 0. 0.]","[1. 1. 1. 0. 0. 0. 0. 0. 0. 0. 1. 0. 1. 0. 0. 0. 0. 0. 0. 1. 0. 1. 0. 0.
 0. 1. 0. 0. 0. 0. 1.]","[1. 1. 0. 1. 0. 1. 1. 0. 1. 0. 1. 1. 1. 1. 0. 1. 0. 1. 0. 0. 1. 0. 0. 0.
 0. 1. 0. 1. 0. 0. 0.]","[1. 1. 0. 0. 1. 0. 0. 0. 1. 0. 0. 1. 1. 1. 1. 1. 0. 1. 0. 0. 0. 1. 0. 0.
 0. 0. 0. 1. 0. 0. 1.]","[1. 0. 1. 0. 0. 0. 0. 0. 1. 0. 1. 0. 1. 0. 0. 0. 0. 0. 0. 1. 1. 0. 0. 0.
 0. 0. 1. 0. 0. 0. 0.]","[1. 1. 0. 0. 0. 0. 0. 0. 1. 0. 0. 0. 1. 0. 0. 0. 0. 0. 0. 1. 1. 0. 0. 0.
 0. 1. 1. 0. 0. 0. 0.]","[1. 1. 1. 1. 0. 1. 0. 0. 1. 0. 1. 1. 1. 0. 1. 1. 0. 0. 1. 0. 0. 1. 0. 0.
 0. 1. 0. 0. 0. 1. 0.]","[1. 0. 0. 0. 0. 0. 0. 0. 1. 0. 0. 0. 1. 1. 0. 1. 0. 1. 0. 1. 1. 0. 0. 0.
 0. 0. 1. 0. 0. 0. 0.]","[1. 0. 1. 0. 0. 0. 0. 0. 1. 0. 0. 1. 1. 0. 0. 0. 0. 0. 0. 0. 1. 0. 0. 0.
 0. 0. 1. 0. 0. 0. 0.]","[1. 0. 1. 0. 0. 0. 0. 0. 1. 0. 1. 0. 1. 0. 0. 0. 0. 0. 0. 1. 1. 0. 0. 0.
 0. 0. 1. 0. 0. 0. 0.]","[1. 0. 0. 0. 0. 0. 1. 0. 1. 0. 0. 1. 1. 0. 0. 1. 0. 0. 0. 0. 1. 0. 0. 0.
 0. 0. 0. 0. 0. 0. 0.]","[1. 1. 1. 0. 0. 0. 0. 0. 0. 0. 0. 0. 1. 0. 0. 1. 0. 0. 0. 1. 0. 1. 0. 0.
 0. 1. 0. 0. 0. 0. 1.]","[1. 0. 0. 1. 1. 1. 0. 1. 1. 1. 1. 0. 1. 1. 0. 0. 0. 1. 0. 0. 1. 0. 0. 0.
 0. 0. 0. 1. 0. 1. 0.]","[1. 0. 1. 0. 1. 0. 0. 0. 0. 0. 0. 0. 1. 0. 0. 0. 0. 0. 0. 1. 0. 0. 1. 1.
 0. 0. 0. 1. 0. 0. 0.]","[1. 1. 0. 0. 0. 1. 0. 0. 0. 1. 0. 0. 1. 0. 0. 0. 0. 0. 0. 0. 1. 0. 0. 0.
 1. 0. 0. 0. 0. 0. 0.]","[1. 1. 1. 0. 0. 0. 0. 1. 1. 0. 1. 1. 1. 0. 0. 0. 0. 0. 0. 0. 0. 0. 1. 1.
 0. 0. 0. 1. 0. 0. 0.]","[1. 1. 1. 1. 0. 1. 0. 0. 1. 1. 1. 0. 1. 0. 0. 1. 1. 1. 1. 0. 1. 0. 0. 0.
 0. 0. 0. 1. 0. 0. 0.]","[1. 1. 0. 0. 0. 0. 0. 0. 1. 1. 1. 0. 1. 0. 1. 0. 0. 0. 0. 0. 1. 0. 0. 0.
 0. 0. 1. 0. 0. 0. 0.]","[1. 1. 1. 1. 1. 1. 0. 0. 0. 0. 1. 1. 1. 1. 0. 1. 1. 0. 0. 0. 1. 0. 0. 0.
 0. 1. 0. 1. 0. 0. 0.]","[1. 1. 0. 0. 1. 0. 0. 0. 1. 0. 0. 0. 1. 0. 0. 0. 0. 0. 0. 1. 1. 0. 0. 0.
 0. 0. 1. 0. 0. 0. 0.]","[1. 1. 0. 0. 0. 0. 0. 0. 1. 0. 0. 0. 1. 0. 0. 0. 1. 0. 0. 1. 0. 1. 0. 0.
 0. 0. 0. 0. 0. 0. 0.]","[1. 1. 1. 0. 0. 0. 0. 1. 1. 1. 0. 0. 1. 0. 0. 0. 0. 0. 0. 0. 1. 0. 0. 1.
 0. 1. 0. 1. 0. 0. 0.]","[1. 1. 1. 0. 0. 1. 0. 1. 1. 1. 1. 0. 1. 0. 0. 1. 0. 1. 0. 0. 1. 0. 0. 0.
 0. 0. 0. 1. 0. 0. 1.]","[1. 1. 1. 1. 0. 0. 0. 0. 0. 1. 0. 0. 1. 0. 0. 1. 0. 1. 1. 0. 0. 1. 0. 1.
 0. 0. 0. 1. 0. 0. 0.]","[1. 0. 1. 0. 0. 0. 0. 1. 1. 1. 0. 0. 1. 0. 1. 0. 0. 0. 0. 0. 1. 0. 0. 1.
 0. 1. 0. 1. 0. 0. 0.]","[1. 0. 1. 1. 0. 1. 0. 1. 1. 1. 1. 0. 1. 1. 0. 1. 0. 1. 0. 0. 1. 0. 0. 0.
 0. 0. 0. 1. 0. 1. 0.]","[1. 1. 0. 0. 0. 0. 0. 0. 0. 0. 0. 1. 1. 0. 0. 0. 0. 0. 0. 0. 0. 1. 0. 0.
 0. 0. 0. 0. 0. 1. 0.]","[1. 1. 0. 0. 0. 0. 0. 0. 1. 0. 0. 0. 1. 0. 0. 0. 0. 0. 0. 1. 1. 0. 0. 0.
 0. 1. 1. 0. 0. 0. 0.]","[1. 1. 0. 0. 0. 0. 0. 0. 1. 0. 0. 0. 1. 0. 0. 0. 0. 0. 0. 1. 1. 0. 0. 0.
 0. 1. 1. 0. 0. 0. 0.]","[1. 1. 1. 1. 0. 0. 0. 0. 1. 1. 0. 0. 1. 1. 0. 0. 0. 1. 1. 0. 0. 1. 0. 1.
 0. 0. 0. 0. 0. 0. 0.]","[1. 1. 1. 1. 0. 1. 0. 0. 1. 1. 1. 0. 1. 0. 0. 1. 1. 1. 1. 0. 1. 0. 0. 0.
 0. 0. 0. 1. 0. 0. 0.]","[1. 0. 0. 0. 0. 0. 0. 0. 1. 0. 0. 0. 1. 1. 0. 1. 0. 1. 0. 1. 1. 0. 0. 0.
 0. 0. 1. 0. 0. 0. 0.]","[1. 0. 1. 0. 0. 0. 0. 0. 1. 0. 0. 0. 1. 0. 0. 0. 0. 0. 0. 1. 0. 0. 1. 0.
 0. 1. 0. 0. 1. 0. 0.]","[1. 0. 1. 1. 0. 1. 0. 0. 0. 1. 0. 0. 1. 0. 0. 1. 1. 1. 1. 0. 0. 1. 0. 0.
 0. 0. 0. 1. 0. 0. 0.]","[1. 1. 1. 0. 0. 1. 0. 1. 1. 1. 1. 0. 1. 0. 0. 1. 0. 1. 0. 0. 1. 0. 0. 0.
 0. 1. 0. 0. 0. 0. 1.]","[1. 0. 0. 0. 0. 1. 0. 0. 0. 0. 1. 0. 1. 0. 0. 0. 0. 0. 0. 1. 1. 0. 0. 0.
 0. 0. 0. 0. 1. 0. 0.]","[1. 1. 1. 0. 0. 0. 0. 0. 1. 0. 0. 0. 1. 0. 0. 0. 0. 0. 0. 1. 0. 0. 1. 0.
 0. 0. 0. 0. 1. 0. 0.]","[1. 1. 1. 0. 0. 0. 0. 0. 0. 0. 1. 0. 1. 0. 1. 0. 0. 0. 0. 1. 0. 0. 1. 0.
 0. 1. 0. 0. 1. 0. 0.]","[1. 0. 1. 0. 0. 0. 0. 0. 0. 1. 0. 0. 1. 0. 0. 1. 0. 0. 0. 0. 1. 0. 0. 0.
 0. 0. 0. 0. 0. 1. 0.]","[1. 1. 1. 0. 0. 1. 0. 1. 0. 1. 1. 0. 1. 0. 0. 1. 0. 1. 0. 0. 1. 0. 0. 0.
 0. 1. 0. 1. 0. 0. 1.]","[1. 0. 1. 1. 0. 0. 1. 0. 1. 1. 0. 0. 1. 0. 0. 1. 0. 1. 1. 0. 0. 1. 0. 0.
 0. 0. 0. 1. 0. 0. 0.]","[1. 1. 0. 1. 1. 0. 0. 0. 0. 1. 0. 0. 1. 0. 0. 1. 0. 1. 1. 0. 0. 1. 0. 0.
 0. 0. 1. 1. 0. 0. 0.]","[1. 1. 1. 0. 0. 0. 1. 0. 0. 1. 0. 0. 1. 0. 0. 0. 0. 0. 0. 0. 0. 0. 1. 0.
 0. 0. 0. 0. 0. 0. 0.]","[1. 1. 0. 0. 0. 1. 0. 0. 0. 0. 0. 1. 1. 0. 0. 0. 0. 0. 0. 0. 1. 0. 0. 0.
 0. 0. 0. 0. 1. 0. 0.]","[1. 0. 1. 1. 0. 1. 1. 0. 1. 1. 1. 0. 1. 0. 1. 1. 0. 0. 1. 0. 1. 0. 0. 0.
 0. 1. 0. 1. 0. 0. 0.]","[1. 0. 1. 1. 0. 0. 1. 0. 1. 1. 0. 0. 1. 0. 0. 1. 0. 1. 1. 0. 0. 1. 0. 0.
 0. 0. 0. 1. 0. 0. 0.]","[1. 1. 1. 0. 0. 0. 0. 1. 1. 1. 0. 0. 1. 0. 0. 0. 0. 0. 0. 0. 1. 0. 0. 1.
 0. 1. 0. 1. 0. 0. 0.]","[1. 0. 1. 1. 0. 1. 0. 0. 1. 1. 1. 0. 1. 0. 1. 1. 0. 0. 1. 0. 1. 0. 0. 0.
 0. 1. 0. 1. 0. 1. 0.]","[1. 0. 0. 1. 0. 1. 1. 0. 1. 0. 1. 1. 1. 0. 1. 1. 0. 1. 1. 0. 1. 0. 0. 0.
 0. 1. 0. 1. 0. 0. 0.]","[1. 1. 1. 0. 0. 1. 0. 0. 1. 1. 1. 0. 1. 1. 1. 1. 1. 1. 0. 0. 0. 0. 1. 0.
 0. 0. 0. 1. 0. 0. 0.]","[1. 1. 1. 0. 0. 0. 0. 1. 1. 0. 0. 1. 1. 1. 0. 0. 0. 0. 0. 0. 1. 0. 0. 1.
 0. 1. 0. 0. 0. 0. 0.]","[1. 1. 0. 0. 0. 1. 0. 0. 1. 1. 1. 0. 1. 0. 1. 0. 0. 1. 1. 0. 0. 0. 1. 0.
 0. 1. 0. 1. 1. 0. 0.]","[1. 1. 1. 0. 0. 1. 0. 1. 1. 1. 0. 0. 1. 1. 0. 1. 0. 1. 0. 0. 1. 0. 0. 0.
 0. 0. 0. 1. 0. 0. 1.]","[1. 0. 0. 1. 0. 0. 0. 0. 1. 0. 0. 1. 1. 0. 0. 0. 0. 0. 0. 0. 0. 0. 1. 0.
 0. 0. 0. 0. 0. 0. 1.]","[1. 1. 1. 1. 0. 1. 0. 1. 0. 1. 1. 0. 1. 1. 1. 1. 0. 1. 0. 0. 0. 1. 0. 0.
 0. 0. 0. 0. 0. 1. 0.]","[1. 0. 1. 0. 0. 0. 0. 1. 1. 0. 0. 1. 1. 1. 0. 0. 0. 0. 0. 0. 0. 0. 1. 1.
 0. 1. 0. 1. 0. 0. 0.]","[1. 1. 1. 0. 0. 0. 0. 0. 0. 0. 0. 1. 1. 1. 0. 0. 0. 1. 1. 0. 0. 0. 1. 0.
 0. 0. 0. 0. 1. 0. 0.]","[1. 0. 1. 0. 0. 0. 0. 0. 1. 0. 0. 1. 1. 0. 0. 0. 0. 0. 0. 0. 1. 0. 0. 0.
 0. 0. 0. 0. 0. 0. 1.]","[1. 1. 1. 0. 1. 1. 0. 0. 1. 0. 1. 0. 1. 1. 0. 1. 0. 1. 0. 1. 0. 1. 0. 0.
 0. 1. 1. 0. 0. 0. 0.]","[1. 0. 1. 0. 0. 0. 0. 0. 1. 0. 0. 0. 1. 1. 0. 0. 0. 0. 0. 1. 0. 0. 1. 0.
 0. 0. 1. 0. 0. 0. 0.]","[1. 0. 1. 1. 0. 1. 1. 1. 1. 0. 1. 1. 1. 0. 1. 1. 0. 1. 0. 0. 1. 0. 0. 0.
 0. 1. 0. 0. 0. 0. 0.]","[1. 0. 1. 0. 1. 1. 1. 1. 1. 0. 0. 1. 1. 0. 0. 1. 0. 1. 1. 0. 1. 0. 0. 0.
 0. 1. 0. 1. 0. 0. 0.]","[1. 0. 1. 1. 0. 0. 1. 0. 0. 1. 1. 0. 1. 0. 0. 1. 0. 1. 1. 0. 0. 1. 0. 0.
 0. 0. 0. 1. 0. 0. 0.]","[1. 1. 1. 1. 0. 1. 0. 0. 1. 0. 1. 0. 1. 0. 1. 1. 0. 0. 0. 1. 1. 0. 0. 0.
 0. 1. 0. 1. 1. 0. 0.]","[1. 1. 0. 0. 0. 0. 0. 0. 0. 0. 1. 1. 1. 0. 0. 0. 0. 0. 0. 0. 1. 0. 0. 0.
 0. 0. 1. 0. 0. 0. 0.]","[1. 1. 0. 1. 0. 0. 0. 0. 1. 1. 0. 0. 1. 0. 0. 1. 0. 1. 1. 0. 0. 1. 0. 1.
 0. 0. 0. 1. 0. 0. 0.]","[1. 1. 1. 0. 0. 0. 0. 0. 1. 0. 0. 0. 1. 0. 0. 0. 0. 0. 0. 1. 0. 0. 1. 0.
 0. 0. 1. 0. 0. 0. 0.]","[1. 1. 1. 1. 0. 1. 0. 0. 1. 1. 1. 0. 1. 0. 0. 1. 1. 1. 1. 0. 1. 0. 0. 0.
 0. 0. 0. 1. 0. 0. 0.]","[1. 0. 0. 0. 0. 0. 0. 0. 0. 1. 0. 0. 1. 0. 0. 0. 1. 1. 0. 0. 1. 0. 0. 0.
 0. 0. 0. 1. 0. 0. 0.]","[1. 0. 0. 0. 0. 0. 0. 0. 0. 1. 0. 0. 1. 0. 0. 0. 1. 1. 0. 0. 1. 0. 0. 0.
 0. 0. 0. 1. 0. 0. 0.]","[1. 1. 1. 0. 0. 0. 0. 0. 1. 0. 0. 0. 1. 0. 0. 0. 0. 0. 0. 1. 0. 0. 1. 0.
 0. 0. 0. 0. 1. 0. 0.]","[1. 1. 1. 0. 0. 0. 0. 0. 0. 0. 0. 0. 1. 0. 0. 0. 0. 0. 0. 1. 0. 1. 0. 0.
 0. 1. 0. 1. 0. 0. 1.]","[1. 1. 1. 0. 1. 1. 0. 0. 1. 1. 0. 0. 1. 1. 1. 1. 0. 0. 1. 0. 0. 0. 1. 0.
 1. 0. 0. 1. 0. 0. 0.]","[1. 0. 0. 0. 0. 1. 0. 0. 0. 0. 0. 1. 1. 0. 0. 0. 0. 1. 0. 0. 0. 1. 0. 1.
 0. 0. 0. 0. 0. 0. 0.]","[1. 0. 1. 0. 0. 0. 0. 1. 1. 0. 1. 1. 1. 0. 0. 0. 0. 0. 0. 0. 1. 0. 0. 1.
 0. 1. 0. 1. 0. 0. 0.]","[1. 0. 1. 1. 0. 1. 0. 0. 1. 0. 0. 1. 1. 0. 0. 0. 0. 1. 1. 0. 0. 1. 0. 0.
 1. 1. 0. 0. 0. 0. 0.]","[1. 0. 1. 0. 0. 1. 0. 0. 0. 0. 0. 0. 1. 1. 0. 0. 0. 0. 0. 1. 0. 0. 1. 1.
 0. 0. 0. 0. 0. 0. 0.]","[1. 1. 1. 0. 0. 0. 0. 1. 1. 1. 1. 0. 1. 0. 0. 1. 0. 1. 1. 0. 1. 0. 0. 0.
 0. 1. 0. 0. 0. 0. 1.]","[1. 0. 1. 1. 0. 0. 0. 0. 0. 0. 0. 0. 1. 0. 0. 0. 0. 0. 0. 1. 1. 0. 0. 1.
 0. 0. 0. 0. 0. 0. 0.]","[1. 1. 1. 1. 0. 0. 0. 0. 0. 0. 1. 0. 1. 0. 1. 0. 0. 0. 0. 1. 0. 0. 1. 0.
 0. 1. 1. 0. 0. 0. 0.]","[1. 1. 1. 0. 0. 0. 0. 0. 0. 0. 1. 1. 1. 0. 1. 1. 0. 0. 0. 0. 0. 0. 1. 0.
 0. 1. 0. 0. 0. 1. 0.]","[1. 1. 1. 1. 0. 1. 0. 0. 1. 1. 1. 0. 1. 0. 1. 1. 0. 0. 1. 0. 1. 0. 0. 1.
 0. 0. 0. 1. 0. 0. 0.]","[1. 1. 1. 1. 0. 0. 0. 0. 0. 1. 0. 0. 1. 1. 0. 0. 0. 1. 1. 0. 0. 1. 0. 1.
 0. 1. 0. 0. 0. 0. 0.]","[1. 0. 0. 0. 1. 0. 0. 0. 1. 0. 0. 0. 1. 1. 1. 0. 0. 0. 0. 1. 1. 0. 0. 0.
 0. 0. 0. 0. 0. 0. 1.]","[1. 1. 1. 0. 1. 0. 0. 1. 0. 1. 0. 0. 1. 1. 1. 1. 0. 1. 0. 0. 1. 0. 0. 0.
 0. 1. 0. 0. 0. 0. 1.]","[1. 1. 0. 0. 0. 0. 0. 0. 1. 0. 1. 1. 1. 1. 0. 0. 0. 0. 0. 0. 1. 0. 0. 0.
 0. 0. 1. 0. 0. 0. 0.]","[1. 1. 1. 0. 0. 0. 0. 0. 0. 0. 0. 0. 1. 0. 0. 1. 0. 0. 0. 1. 0. 1. 0. 0.
 0. 1. 0. 0. 0. 0. 1.]","[1. 1. 0. 0. 0. 1. 0. 0. 0. 0. 1. 1. 1. 0. 0. 0. 0. 1. 0. 0. 1. 0. 0. 0.
 0. 0. 1. 0. 0. 0. 0.]","[1. 0. 1. 0. 0. 0. 0. 1. 1. 0. 1. 1. 1. 0. 0. 0. 0. 0. 0. 0. 1. 0. 0. 1.
 0. 1. 0. 1. 0. 0. 0.]","[1. 0. 1. 0. 0. 0. 0. 0. 0. 0. 1. 0. 1. 0. 0. 0. 0. 0. 0. 1. 0. 0. 1. 0.
 0. 1. 1. 0. 0. 0. 0.]","[1. 1. 0. 0. 1. 1. 0. 1. 1. 1. 0. 0. 1. 0. 1. 0. 0. 1. 0. 0. 0. 1. 0. 0.
 0. 0. 0. 1. 0. 1. 0.]","[1. 1. 1. 1. 0. 0. 0. 0. 1. 1. 1. 0. 1. 1. 0. 1. 0. 0. 1. 0. 1. 0. 0. 0.
 0. 0. 0. 1. 0. 1. 0.]","[1. 1. 0. 1. 0. 1. 1. 0. 1. 0. 1. 1. 1. 1. 0. 1. 0. 1. 0. 0. 1. 0. 0. 0.
 0. 1. 0. 1. 0. 0. 0.]","[1. 1. 0. 0. 0. 0. 0. 0. 1. 0. 0. 0. 1. 0. 0. 0. 0. 0. 0. 1. 1. 0. 0. 0.
 0. 1. 1. 0. 0. 0. 0.]","[1. 0. 0. 0. 0. 1. 0. 0. 0. 0. 0. 0. 1. 0. 0. 0. 0. 0. 0. 1. 1. 0. 0. 0.
 0. 0. 1. 1. 0. 0. 0.]","[1. 1. 1. 1. 0. 1. 0. 0. 1. 1. 1. 0. 1. 0. 0. 1. 1. 1. 1. 0. 1. 0. 0. 0.
 0. 0. 0. 1. 0. 0. 0.]","[1. 1. 1. 0. 1. 0. 0. 1. 1. 1. 1. 0. 1. 0. 1. 1. 0. 0. 0. 0. 1. 0. 0. 0.
 0. 1. 0. 0. 0. 0. 1.]","[1. 1. 1. 1. 0. 1. 0. 0. 1. 0. 0. 1. 1. 0. 1. 1. 0. 0. 1. 0. 0. 1. 0. 0.
 0. 1. 0. 1. 0. 1. 0.]","[1. 0. 0. 0. 1. 1. 0. 0. 1. 0. 0. 1. 1. 1. 1. 1. 0. 1. 0. 0. 0. 1. 0. 0.
 0. 0. 0. 1. 0. 1. 0.]","[1. 1. 1. 0. 0. 0. 0. 0. 0. 0. 1. 0. 1. 0. 0. 0. 0. 0. 0. 1. 0. 1. 0. 0.
 0. 1. 0. 0. 0. 0. 1.]","[1. 0. 0. 0. 1. 1. 0. 0. 0. 1. 1. 0. 1. 1. 1. 0. 0. 1. 1. 0. 0. 0. 1. 1.
 0. 0. 0. 1. 0. 0. 0.]","[1. 0. 0. 1. 0. 1. 0. 0. 1. 0. 1. 1. 1. 0. 1. 1. 1. 1. 1. 0. 0. 1. 0. 0.
 0. 1. 0. 1. 0. 0. 0.]","[1. 1. 1. 1. 0. 1. 0. 0. 1. 0. 0. 1. 1. 1. 1. 1. 0. 0. 1. 0. 0. 0. 1. 0.
 0. 0. 1. 1. 0. 0. 0.]","[1. 0. 1. 0. 0. 1. 1. 0. 0. 1. 0. 0. 1. 0. 0. 0. 0. 0. 0. 0. 0. 1. 0. 0.
 0. 0. 0. 0. 0. 0. 0.]","[1. 1. 1. 0. 0. 1. 0. 1. 1. 1. 0. 0. 1. 0. 0. 1. 0. 1. 1. 0. 1. 0. 0. 0.
 0. 1. 0. 0. 0. 0. 1.]","[1. 0. 1. 1. 1. 1. 0. 0. 0. 1. 0. 0. 1. 0. 0. 0. 0. 1. 1. 0. 0. 1. 0. 0.
 1. 1. 0. 0. 0. 0. 0.]","[1. 0. 1. 0. 0. 0. 0. 0. 0. 0. 0. 0. 1. 1. 0. 0. 0. 0. 0. 1. 0. 0. 1. 0.
 0. 0. 0. 1. 1. 0. 0.]","[1. 1. 1. 1. 0. 1. 0. 0. 0. 0. 1. 1. 1. 1. 1. 1. 0. 0. 1. 0. 0. 1. 0. 0.
 0. 0. 1. 1. 0. 0. 0.]","[1. 0. 0. 1. 0. 1. 0. 0. 0. 0. 0. 1. 1. 1. 0. 0. 0. 1. 1. 0. 0. 1. 0. 0.
 0. 1. 1. 0. 0. 0. 0.]","[1. 1. 1. 0. 1. 0. 0. 0. 1. 1. 1. 0. 1. 1. 0. 1. 0. 0. 1. 0. 0. 0. 1. 0.
 0. 0. 1. 1. 0. 0. 0.]","[1. 0. 0. 0. 0. 1. 0. 0. 0. 0. 0. 0. 1. 0. 0. 0. 0. 0. 0. 1. 0. 0. 1. 0.
 0. 0. 0. 1. 1. 0. 0.]","[1. 0. 1. 1. 0. 1. 0. 0. 1. 0. 1. 0. 1. 1. 1. 1. 0. 1. 0. 1. 1. 0. 0. 0.
 0. 0. 0. 1. 1. 0. 0.]","[1. 0. 1. 1. 0. 0. 1. 0. 0. 1. 1. 0. 1. 0. 0. 1. 0. 1. 1. 0. 0. 1. 0. 0.
 0. 0. 0. 1. 0. 0. 0.]","[1. 0. 1. 1. 1. 1. 0. 1. 0. 1. 1. 0. 1. 1. 0. 1. 0. 0. 0. 0. 0. 0. 1. 0.
 1. 1. 0. 1. 0. 0. 0.]","[1. 1. 1. 0. 0. 1. 0. 0. 1. 1. 1. 0. 1. 1. 1. 1. 1. 1. 0. 0. 0. 0. 1. 0.
 0. 0. 0. 1. 0. 0. 0.]","[1. 1. 0. 1. 1. 0. 0. 0. 0. 0. 0. 1. 1. 1. 1. 1. 0. 1. 0. 0. 0. 0. 1. 0.
 0. 1. 1. 1. 0. 0. 0.]","[1. 0. 1. 0. 1. 0. 0. 1. 1. 0. 1. 1. 1. 1. 0. 1. 0. 0. 0. 0. 0. 0. 1. 0.
 0. 1. 0. 1. 0. 1. 0.]","[1. 1. 0. 1. 0. 0. 0. 0. 1. 1. 0. 0. 1. 1. 0. 0. 0. 1. 1. 0. 0. 1. 0. 1.
 0. 1. 0. 0. 0. 0. 0.]","[1. 0. 1. 0. 0. 0. 0. 0. 0. 0. 0. 0. 1. 0. 1. 1. 1. 0. 0. 1. 0. 1. 0. 0.
 0. 0. 0. 1. 0. 0. 0.]","[1. 1. 1. 1. 0. 1. 0. 0. 0. 1. 1. 0. 1. 0. 0. 0. 1. 1. 1. 0. 0. 0. 1. 0.
 0. 1. 0. 1. 0. 0. 0.]"
384.718,28.522,11.234,51.232,385.236,369.55,60.43,82.926,254.916,369.71,14.412,46.266,12.916,9.358,105.73,179.582,12.674,17.128,92.764,28.542,32.746,50.718,59.274,326.678,114.034,19.204,47.82,299.582,299.582,19.454,14.252,74.054,316.712,49.158,16.682,23.342,12.488,145.522,77.602,16.812,34.554,35.32,24.072,158.598,32.008,13.344,3794.024,30.502,69.702,24.568,45.752,38.446,49.604,1103.384,95.986,10.508,97.818,4648.332,71.892,61.86,80.94,425.408,61.268,14.164,1339.484,61.86,59.296,39.662,32.976,35.11,3241.464,87.934,1374.95,35.11,143.756,143.756,104.09,67.142,19.158,4035.722,94.158,34.606,46.138,99.342,26.284,4648.332,335.336,14.398,39.512,36.462,48.046,224.53,41.038,124.414,84.088,60.504,30.47,67.142,37.3,133.612,133.612,104.09,69.958,52.906,19.454,2798.742,43.56,44.434,143.756,24.136,49.158,570.528,106.312,107.074,49.158,114.098,32.976,107.074,1929.586,50.45,143.756,31.804,2283.314,8.578,49.78,24.136,4648.332,47.616,60.816,25.994,40.492,977.552,67.142,1589.55,530.35,60.816,14.398,1867.826,31.124,910.582,60.816,1103.384,49.158,48.458,184.668,27.362,4035.722,49.78,8.54,1937.36,14.164,21.802,94.158,45.042,305.716,91.54,60.176,580.238,14.398,14.398,311.06,49.78,31.124,41.586,138.632,35.202,31.53,42.762,59.912,12.674,43.536,214.746,97.434,37.392,21.98,69.768,214.746,94.158,48.754,1621.558,43.56,3796.276,32.37,47.314,24.312,171.164,4043.884,871.44,913.612,104.09,69.64,2064.476,3111.93,217.468,106.312,27.934,287.508,43.824,49.78,8.928,8.928,42.762,77.666,58.142,2741.856,4646.14,1251.36,186.264,42.594,168.56,67.31,1173.094,101.038,299.164,28.3,38.132,54.998,49.158,30.476,4646.14,46.74,93.46,56.886,1589.55,14.398,18.178,49.78,35.142,2798.742,1108.196,67.142,89.012,717.756,1658.386,95.954,36.462,119.868,81.696,2302.474,268.576,54.616,17.62,128.674,217.468,62.894,43.56,480.508,2030.478,253.494,69.958,53.174
200
